departure,arrival,price,link
2023-04-04 06:45:00,2023-04-04 07:50:00,82.99,https://partners.api.skyscanner.net/apiservices/deeplink/v2?_cje=jzj5DawL5zJyT%2BnfeP9GJWfImnVvZd7vh0AJSObmdOp8YP07VbGmhzc%2BVTc80nUp&url=https%3A%2F%2Fwww.skyscanner.net%2Ftransport_deeplink%2F4.0%2FDE%2Fde-DE%2FEUR%2Fcdet%2F1%2F14385.10487.2023-04-04%2Fair%2Ftrava%2Fflights%3Fitinerary%3Dflight%7C-32090%7C1972%7C14385%7C2023-04-04T06%3A45%7C10487%7C2023-04-04T07%3A50%7C65%7C-%7C-%7C-%26carriers%3D-32090%26operators%3D-32090%26passengers%3D1%26channel%3Ddataapi%26cabin_class%3Deconomy%26facilitated%3Dfalse%26fps_session_id%3D025446cd-6c76-4845-a060-69feaca8c0bb%26ticket_price%3D82.99%26is_npt%3Dfalse%26is_multipart%3Dfalse%26client_id%3Dskyscanner_b2b%26request_id%3Da678023a-ecd6-4b45-865a-21540ad3205f%26q_ids%3DH4sIAAAAAAAAAOOS4mJJTkktEWLm2FggxczxPVCh4eLahWxGTAqMAKnf8iocAAAA%7C-735195001769562923%7C2%26q_sources%3DJACQUARD%26commercial_filters%3Dfalse%26q_datetime_utc%3D2023-02-13T12%3A02%3A30%26pqid%3Dtrue
2023-04-06 20:25:00,2023-04-06 21:30:00,84.17,https://partners.api.skyscanner.net/apiservices/deeplink/v2?_cje=jzj5DawL5zJyT%2BnfeP9GJWfImnVvZd7vh0AJSObmdOp8YP07VbGmhzc%2BVTc80nUp&url=https%3A%2F%2Fwww.skyscanner.net%2Ftransport_deeplink%2F4.0%2FDE%2Fde-DE%2FEUR%2Fpede%2F1%2F10487.14385.2023-04-06%2Fair%2Ftrava%2Fflights%3Fitinerary%3Dflight%7C-32090%7C1989%7C10487%7C2023-04-06T20%3A25%7C14385%7C2023-04-06T21%3A30%7C65%7CKDELGTN9%7CK%7C-%26carriers%3D-32090%26operators%3D-32089%26passengers%3D1%26channel%3Ddataapi%26cabin_class%3Deconomy%26facilitated%3Dfalse%26fps_session_id%3Dc0585811-18fa-4723-91db-51aecf5937b1%26ticket_price%3D84.17%26is_npt%3Dfalse%26is_multipart%3Dfalse%26client_id%3Dskyscanner_b2b%26request_id%3D7e1bdada-5335-4134-9393-3b617a1f490c%26q_ids%3DH4sIAAAAAAAAAOOS4mIpSE1JFWLm-B4oxcyxsUChYfqOhWxGTAqMAM4Un1QcAAAA%7C4285489001781115284%7C2%26q_sources%3DJACQUARD%26commercial_filters%3Dfalse%26q_datetime_utc%3D2023-02-13T11%3A57%3A18%26pqid%3Dfalse
2023-04-11 06:45:00,2023-04-11 07:50:00,77.99,https://partners.api.skyscanner.net/apiservices/deeplink/v2?_cje=jzj5DawL5zJyT%2BnfeP9GJWfImnVvZd7vh0AJSObmdOp8YP07VbGmhzc%2BVTc80nUp&url=https%3A%2F%2Fwww.skyscanner.net%2Ftransport_deeplink%2F4.0%2FDE%2Fde-DE%2FEUR%2Ftsde%2F1%2F14385.10487.2023-04-11%2Fair%2Ftrava%2Fflights%3Fitinerary%3Dflight%7C-32090%7C1972%7C14385%7C2023-04-11T06%3A45%7C10487%7C2023-04-11T07%3A50%7C65%7C-%7C-%7C-%26carriers%3D-32090%26operators%3D-32090%26passengers%3D1%26channel%3Ddataapi%26cabin_class%3Deconomy%26facilitated%3Dfalse%26fps_session_id%3D076fc7ae-1cf0-4aac-84a4-bf6db225d69c%26ticket_price%3D77.99%26is_npt%3Dfalse%26is_multipart%3Dfalse%26client_id%3Dskyscanner_b2b%26request_id%3D4e852a66-0d68-4d5b-8a41-0faa55b6fba1%26q_ids%3DH4sIAAAAAAAAAOOS4mIpKU5JFWLm2FggxczxPVCh4dilhWxGTAqMAEPkArwcAAAA%7C-6211021389224874547%7C2%26q_sources%3DJACQUARD%26commercial_filters%3Dfalse%26q_datetime_utc%3D2023-02-12T16%3A25%3A12%26pqid%3Dtrue
2023-04-13 20:25:00,2023-04-13 21:30:00,84.17,https://partners.api.skyscanner.net/apiservices/deeplink/v2?_cje=jzj5DawL5zJyT%2BnfeP9GJWfImnVvZd7vh0AJSObmdOp8YP07VbGmhzc%2BVTc80nUp&url=https%3A%2F%2Fwww.skyscanner.net%2Ftransport_deeplink%2F4.0%2FDE%2Fde-DE%2FEUR%2Fpede%2F1%2F10487.14385.2023-04-13%2Fair%2Ftrava%2Fflights%3Fitinerary%3Dflight%7C-32090%7C1989%7C10487%7C2023-04-13T20%3A25%7C14385%7C2023-04-13T21%3A30%7C65%7CKDELGTN9%7CK%7C-%26carriers%3D-32090%26operators%3D-32089%26passengers%3D1%26channel%3Ddataapi%26cabin_class%3Deconomy%26facilitated%3Dfalse%26fps_session_id%3D30f2a4f1-7913-4304-a0dc-646fd9086cc3%26ticket_price%3D84.17%26is_npt%3Dfalse%26is_multipart%3Dfalse%26client_id%3Dskyscanner_b2b%26request_id%3D1b8660d7-ec8a-405a-bdb4-cb9a33e67bef%26q_ids%3DH4sIAAAAAAAAAOOS4mIpSE1JFWLm-B4oxcyxsUChoefuQjYjJgVGAPFawKwcAAAA%7C-722880348361388300%7C2%26q_sources%3DJACQUARD%26commercial_filters%3Dfalse%26q_datetime_utc%3D2023-02-13T11%3A50%3A52%26pqid%3Dfalse
2023-04-18 06:45:00,2023-04-18 07:50:00,79.51,https://partners.api.skyscanner.net/apiservices/deeplink/v2?_cje=jzj5DawL5zJyT%2BnfeP9GJWfImnVvZd7vh0AJSObmdOp8YP07VbGmhzc%2BVTc80nUp&url=https%3A%2F%2Fwww.skyscanner.net%2Ftransport_deeplink%2F4.0%2FDE%2Fde-DE%2FEUR%2Fpede%2F1%2F14385.10487.2023-04-18%2Fair%2Ftrava%2Fflights%3Fitinerary%3Dflight%7C-32090%7C1972%7C14385%7C2023-04-18T06%3A45%7C10487%7C2023-04-18T07%3A50%7C65%7CKDELGTN9%7CK%7C-%26carriers%3D-32090%26operators%3D-32090%26passengers%3D1%26channel%3Ddataapi%26cabin_class%3Deconomy%26facilitated%3Dfalse%26fps_session_id%3D08b06acb-e7aa-4139-b821-67d96c515047%26ticket_price%3D79.51%26is_npt%3Dfalse%26is_multipart%3Dfalse%26client_id%3Dskyscanner_b2b%26request_id%3Df6e33346-4b9d-4db3-987d-c9c870b60c25%26q_ids%3DH4sIAAAAAAAAAOOS4mIpSE1JFWLm2FggxczxPVChYff3hWxGTAqMAFAcbJMcAAAA%7C-8546303391118663390%7C2%26q_sources%3DJACQUARD%26commercial_filters%3Dfalse%26q_datetime_utc%3D2023-02-13T11%3A51%3A02%26pqid%3Dfalse
2023-04-20 20:25:00,2023-04-20 21:30:00,84.17,https://partners.api.skyscanner.net/apiservices/deeplink/v2?_cje=jzj5DawL5zJyT%2BnfeP9GJWfImnVvZd7vh0AJSObmdOp8YP07VbGmhzc%2BVTc80nUp&url=https%3A%2F%2Fwww.skyscanner.net%2Ftransport_deeplink%2F4.0%2FDE%2Fde-DE%2FEUR%2Fpede%2F1%2F10487.14385.2023-04-20%2Fair%2Ftrava%2Fflights%3Fitinerary%3Dflight%7C-32090%7C1989%7C10487%7C2023-04-20T20%3A25%7C14385%7C2023-04-20T21%3A30%7C65%7CKDELGTN9%7CK%7C-%26carriers%3D-32090%26operators%3D-32089%26passengers%3D1%26channel%3Ddataapi%26cabin_class%3Deconomy%26facilitated%3Dfalse%26fps_session_id%3D61e89afc-c61c-4c2f-841a-ca177392748a%26ticket_price%3D84.17%26is_npt%3Dfalse%26is_multipart%3Dfalse%26client_id%3Dskyscanner_b2b%26request_id%3D4490a204-9b04-499a-82a6-c51b5406b8ca%26q_ids%3DH4sIAAAAAAAAAOOS4mIpSE1JFWLm-B4oxcyxsUChobFpEZsRkwIjANCkzGQcAAAA%7C5435445976083991222%7C2%26q_sources%3DJACQUARD%26commercial_filters%3Dfalse%26q_datetime_utc%3D2023-02-13T11%3A48%3A08%26pqid%3Dfalse
2023-04-25 06:45:00,2023-04-25 07:50:00,79.51,https://partners.api.skyscanner.net/apiservices/deeplink/v2?_cje=jzj5DawL5zJyT%2BnfeP9GJWfImnVvZd7vh0AJSObmdOp8YP07VbGmhzc%2BVTc80nUp&url=https%3A%2F%2Fwww.skyscanner.net%2Ftransport_deeplink%2F4.0%2FDE%2Fde-DE%2FEUR%2Fpede%2F1%2F14385.10487.2023-04-25%2Fair%2Ftrava%2Fflights%3Fitinerary%3Dflight%7C-32090%7C1972%7C14385%7C2023-04-25T06%3A45%7C10487%7C2023-04-25T07%3A50%7C65%7CKDELGTN9%7CK%7C-%26carriers%3D-32090%26operators%3D-32090%26passengers%3D1%26channel%3Ddataapi%26cabin_class%3Deconomy%26facilitated%3Dfalse%26fps_session_id%3D7f36c37a-5cd9-4a73-b184-93f39521e556%26ticket_price%3D79.51%26is_npt%3Dfalse%26is_multipart%3Dfalse%26client_id%3Dskyscanner_b2b%26request_id%3D4ddb41af-9c98-4994-8991-64901750b2c0%26q_ids%3DH4sIAAAAAAAAAOOS4mIpSE1JFWLm2FggxczxPVChYcOcRWxGTAqMALdqI8EcAAAA%7C-8725716778628263153%7C2%26q_sources%3DJACQUARD%26commercial_filters%3Dfalse%26q_datetime_utc%3D2023-02-13T11%3A51%3A19%26pqid%3Dfalse
2023-04-27 20:25:00,2023-04-27 21:30:00,84.17,https://partners.api.skyscanner.net/apiservices/deeplink/v2?_cje=jzj5DawL5zJyT%2BnfeP9GJWfImnVvZd7vh0AJSObmdOp8YP07VbGmhzc%2BVTc80nUp&url=https%3A%2F%2Fwww.skyscanner.net%2Ftransport_deeplink%2F4.0%2FDE%2Fde-DE%2FEUR%2Fpede%2F1%2F10487.14385.2023-04-27%2Fair%2Ftrava%2Fflights%3Fitinerary%3Dflight%7C-32090%7C1989%7C10487%7C2023-04-27T20%3A25%7C14385%7C2023-04-27T21%3A30%7C65%7CKDELGTN9%7CK%7C-%26carriers%3D-32090%26operators%3D-32089%26passengers%3D1%26channel%3Ddataapi%26cabin_class%3Deconomy%26facilitated%3Dfalse%26fps_session_id%3D2620b867-2d32-44c9-a824-4e8204a3ecae%26ticket_price%3D84.17%26is_npt%3Dfalse%26is_multipart%3Dfalse%26client_id%3Dskyscanner_b2b%26request_id%3D29c56313-441f-4d83-99c3-1bbf95d6b5d1%26q_ids%3DH4sIAAAAAAAAAOOS4mIpSE1JFWLm-B4oxcyxsUCh4duyRWxGTAqMANYhq_kcAAAA%7C8816151474051398486%7C2%26q_sources%3DJACQUARD%26commercial_filters%3Dfalse%26q_datetime_utc%3D2023-02-13T11%3A58%3A19%26pqid%3Dfalse
2023-05-02 06:45:00,2023-05-02 07:50:00,79.51,https://partners.api.skyscanner.net/apiservices/deeplink/v2?_cje=jzj5DawL5zJyT%2BnfeP9GJWfImnVvZd7vh0AJSObmdOp8YP07VbGmhzc%2BVTc80nUp&url=https%3A%2F%2Fwww.skyscanner.net%2Ftransport_deeplink%2F4.0%2FDE%2Fde-DE%2FEUR%2Fpede%2F1%2F14385.10487.2023-05-02%2Fair%2Ftrava%2Fflights%3Fitinerary%3Dflight%7C-32090%7C1972%7C14385%7C2023-05-02T06%3A45%7C10487%7C2023-05-02T07%3A50%7C65%7CKDELGTN9%7CK%7C-%26carriers%3D-32090%26operators%3D-32090%26passengers%3D1%26channel%3Ddataapi%26cabin_class%3Deconomy%26facilitated%3Dfalse%26fps_session_id%3Dd48e9577-c369-47b5-baf7-83b1996bd1a1%26ticket_price%3D79.51%26is_npt%3Dfalse%26is_multipart%3Dfalse%26client_id%3Dskyscanner_b2b%26request_id%3Da7d0ca39-03b9-4aa5-b61a-185db213b756%26q_ids%3DH4sIAAAAAAAAAOOS4mIpSE1JFWLm2FggxczxPVChYenBRWxGTAqMAI_derccAAAA%7C8054881425740064504%7C2%26q_sources%3DJACQUARD%26commercial_filters%3Dfalse%26q_datetime_utc%3D2023-02-13T12%3A00%3A59%26pqid%3Dfalse
2023-05-04 20:25:00,2023-05-04 21:30:00,84.17,https://partners.api.skyscanner.net/apiservices/deeplink/v2?_cje=jzj5DawL5zJyT%2BnfeP9GJWfImnVvZd7vh0AJSObmdOp8YP07VbGmhzc%2BVTc80nUp&url=https%3A%2F%2Fwww.skyscanner.net%2Ftransport_deeplink%2F4.0%2FDE%2Fde-DE%2FEUR%2Fpede%2F1%2F10487.14385.2023-05-04%2Fair%2Ftrava%2Fflights%3Fitinerary%3Dflight%7C-32090%7C1989%7C10487%7C2023-05-04T20%3A25%7C14385%7C2023-05-04T21%3A30%7C65%7CKDELGTN9%7CK%7C-%26carriers%3D-32090%26operators%3D-32089%26passengers%3D1%26channel%3Ddataapi%26cabin_class%3Deconomy%26facilitated%3Dfalse%26fps_session_id%3D6c436638-477a-48c9-96b6-ed4151ea747a%26ticket_price%3D84.17%26is_npt%3Dfalse%26is_multipart%3Dfalse%26client_id%3Dskyscanner_b2b%26request_id%3D9d5102cc-f120-4176-97ce-537155dfe414%26q_ids%3DH4sIAAAAAAAAAOOS4mIpSE1JFWLm-B4oxcyxsUCh4fXpRWxGTAqMAAkodPQcAAAA%7C8970665301701601610%7C2%26q_sources%3DJACQUARD%26commercial_filters%3Dfalse%26q_datetime_utc%3D2023-02-13T12%3A01%3A11%26pqid%3Dfalse
2023-05-09 06:45:00,2023-05-09 07:50:00,77.98,https://partners.api.skyscanner.net/apiservices/deeplink/v2?_cje=jzj5DawL5zJyT%2BnfeP9GJWfImnVvZd7vh0AJSObmdOp8YP07VbGmhzc%2BVTc80nUp&url=https%3A%2F%2Fwww.skyscanner.net%2Ftransport_deeplink%2F4.0%2FDE%2Fde-DE%2FEUR%2Ftsde%2F1%2F14385.10487.2023-05-09%2Fair%2Ftrava%2Fflights%3Fitinerary%3Dflight%7C-32090%7C1972%7C14385%7C2023-05-09T06%3A45%7C10487%7C2023-05-09T07%3A50%7C65%7C-%7C-%7C-%26carriers%3D-32090%26operators%3D-32090%26passengers%3D1%26channel%3Ddataapi%26cabin_class%3Deconomy%26facilitated%3Dfalse%26fps_session_id%3Dea7f0877-8eeb-40fe-b70d-5bf98c422d81%26ticket_price%3D77.98%26is_npt%3Dfalse%26is_multipart%3Dfalse%26client_id%3Dskyscanner_b2b%26request_id%3D8fe22129-7e36-4284-97e1-25d729567ad8%26q_ids%3DH4sIAAAAAAAAAOOS4mIpKU5JFWLm2FggxczxPVChYdazRWxGTAqMACXxM2QcAAAA%7C-4096630170892865990%7C2%26q_sources%3DJACQUARD%26commercial_filters%3Dfalse%26q_datetime_utc%3D2023-02-13T12%3A03%3A38%26pqid%3Dtrue
2023-05-11 20:25:00,2023-05-11 21:30:00,84.17,https://partners.api.skyscanner.net/apiservices/deeplink/v2?_cje=jzj5DawL5zJyT%2BnfeP9GJWfImnVvZd7vh0AJSObmdOp8YP07VbGmhzc%2BVTc80nUp&url=https%3A%2F%2Fwww.skyscanner.net%2Ftransport_deeplink%2F4.0%2FDE%2Fde-DE%2FEUR%2Fpede%2F1%2F10487.14385.2023-05-11%2Fair%2Ftrava%2Fflights%3Fitinerary%3Dflight%7C-32090%7C1989%7C10487%7C2023-05-11T20%3A25%7C14385%7C2023-05-11T21%3A30%7C65%7CKDELGTN9%7CK%7C-%26carriers%3D-32090%26operators%3D-32089%26passengers%3D1%26channel%3Ddataapi%26cabin_class%3Deconomy%26facilitated%3Dfalse%26fps_session_id%3Dbe152294-362e-45d5-8141-a8cc25fd740d%26ticket_price%3D84.17%26is_npt%3Dfalse%26is_multipart%3Dfalse%26client_id%3Dskyscanner_b2b%26request_id%3Dce761e64-05f8-4649-a01b-4f66a3cd2e75%26q_ids%3DH4sIAAAAAAAAAOOS4mIpSE1JFWLm-B4oxcyxsUCh4cGHRWxGTAqMAPfFegMcAAAA%7C864683210764147256%7C2%26q_sources%3DJACQUARD%26commercial_filters%3Dfalse%26q_datetime_utc%3D2023-02-13T12%3A03%3A45%26pqid%3Dfalse
2023-05-16 06:45:00,2023-05-16 07:50:00,79.51,https://partners.api.skyscanner.net/apiservices/deeplink/v2?_cje=jzj5DawL5zJyT%2BnfeP9GJWfImnVvZd7vh0AJSObmdOp8YP07VbGmhzc%2BVTc80nUp&url=https%3A%2F%2Fwww.skyscanner.net%2Ftransport_deeplink%2F4.0%2FDE%2Fde-DE%2FEUR%2Fpede%2F1%2F14385.10487.2023-05-16%2Fair%2Ftrava%2Fflights%3Fitinerary%3Dflight%7C-32090%7C1972%7C14385%7C2023-05-16T06%3A45%7C10487%7C2023-05-16T07%3A50%7C65%7CKDELGTN9%7CK%7C-%26carriers%3D-32090%26operators%3D-32090%26passengers%3D1%26channel%3Ddataapi%26cabin_class%3Deconomy%26facilitated%3Dfalse%26fps_session_id%3D0e4438dd-439b-4d6a-a0ff-b0ee95ae3d58%26ticket_price%3D79.51%26is_npt%3Dfalse%26is_multipart%3Dfalse%26client_id%3Dskyscanner_b2b%26request_id%3D603bc2e7-b2d2-4a77-a30e-71b7f3be90cb%26q_ids%3DH4sIAAAAAAAAAOOS4mIpSE1JFWLm2FggxczxPVChob97MZsRkwIjAINa6_QcAAAA%7C6890630816228709000%7C2%26q_sources%3DJACQUARD%26commercial_filters%3Dfalse%26q_datetime_utc%3D2023-02-13T12%3A03%3A59%26pqid%3Dfalse
2023-05-18 20:25:00,2023-05-18 21:30:00,84.17,https://partners.api.skyscanner.net/apiservices/deeplink/v2?_cje=jzj5DawL5zJyT%2BnfeP9GJWfImnVvZd7vh0AJSObmdOp8YP07VbGmhzc%2BVTc80nUp&url=https%3A%2F%2Fwww.skyscanner.net%2Ftransport_deeplink%2F4.0%2FDE%2Fde-DE%2FEUR%2Fpede%2F1%2F10487.14385.2023-05-18%2Fair%2Ftrava%2Fflights%3Fitinerary%3Dflight%7C-32090%7C1989%7C10487%7C2023-05-18T20%3A25%7C14385%7C2023-05-18T21%3A30%7C65%7CKDELGTN9%7CK%7C-%26carriers%3D-32090%26operators%3D-32089%26passengers%3D1%26channel%3Ddataapi%26cabin_class%3Deconomy%26facilitated%3Dfalse%26fps_session_id%3D45fcb032-3305-43cc-99eb-944331c67af4%26ticket_price%3D84.17%26is_npt%3Dfalse%26is_multipart%3Dfalse%26client_id%3Dskyscanner_b2b%26request_id%3D0519e8cb-d2c3-41f3-86ea-9d2f9b5526e5%26q_ids%3DH4sIAAAAAAAAAOOS4mIpSE1JFWLm-B4oxcyxsUCh4erUxWxGTAqMAAkohdwcAAAA%7C-8951989787126386269%7C2%26q_sources%3DJACQUARD%26commercial_filters%3Dfalse%26q_datetime_utc%3D2023-02-13T12%3A04%3A09%26pqid%3Dfalse
2023-05-23 06:45:00,2023-05-23 07:50:00,79.51,https://partners.api.skyscanner.net/apiservices/deeplink/v2?_cje=jzj5DawL5zJyT%2BnfeP9GJWfImnVvZd7vh0AJSObmdOp8YP07VbGmhzc%2BVTc80nUp&url=https%3A%2F%2Fwww.skyscanner.net%2Ftransport_deeplink%2F4.0%2FDE%2Fde-DE%2FEUR%2Fpede%2F1%2F14385.10487.2023-05-23%2Fair%2Ftrava%2Fflights%3Fitinerary%3Dflight%7C-32090%7C1972%7C14385%7C2023-05-23T06%3A45%7C10487%7C2023-05-23T07%3A50%7C65%7CKDELGTN9%7CK%7C-%26carriers%3D-32090%26operators%3D-32090%26passengers%3D1%26channel%3Ddataapi%26cabin_class%3Deconomy%26facilitated%3Dfalse%26fps_session_id%3D8969fdf9-530d-4b87-ad62-06a90adac992%26ticket_price%3D79.51%26is_npt%3Dfalse%26is_multipart%3Dfalse%26client_id%3Dskyscanner_b2b%26request_id%3Dbb12f23f-bb46-419d-95f6-0ae994f2eaab%26q_ids%3DH4sIAAAAAAAAAOOS4mIpSE1JFWLm2FggxczxPVChoWXDYjYjJgVGAH235QMcAAAA%7C-1993868963817307903%7C2%26q_sources%3DJACQUARD%26commercial_filters%3Dfalse%26q_datetime_utc%3D2023-02-13T12%3A04%3A19%26pqid%3Dfalse
2023-05-25 20:25:00,2023-05-25 21:30:00,84.17,https://partners.api.skyscanner.net/apiservices/deeplink/v2?_cje=jzj5DawL5zJyT%2BnfeP9GJWfImnVvZd7vh0AJSObmdOp8YP07VbGmhzc%2BVTc80nUp&url=https%3A%2F%2Fwww.skyscanner.net%2Ftransport_deeplink%2F4.0%2FDE%2Fde-DE%2FEUR%2Fpede%2F1%2F10487.14385.2023-05-25%2Fair%2Ftrava%2Fflights%3Fitinerary%3Dflight%7C-32090%7C1989%7C10487%7C2023-05-25T20%3A25%7C14385%7C2023-05-25T21%3A30%7C65%7CKDELGTN9%7CK%7C-%26carriers%3D-32090%26operators%3D-32089%26passengers%3D1%26channel%3Ddataapi%26cabin_class%3Deconomy%26facilitated%3Dfalse%26fps_session_id%3De15a8a07-f416-4bb3-bac7-d5d8bca2a954%26ticket_price%3D84.17%26is_npt%3Dfalse%26is_multipart%3Dfalse%26client_id%3Dskyscanner_b2b%26request_id%3Dc4fc09a3-a9e2-45c7-aa03-cbc025a5d379%26q_ids%3DH4sIAAAAAAAAAOOS4mIpSE1JFWLm-B4oxcyxsUCh4dSuxWxGTAqMAPtC60AcAAAA%7C9019438390712050904%7C2%26q_sources%3DJACQUARD%26commercial_filters%3Dfalse%26q_datetime_utc%3D2023-02-13T12%3A04%3A27%26pqid%3Dfalse
2023-05-30 06:45:00,2023-05-30 07:50:00,79.51,https://partners.api.skyscanner.net/apiservices/deeplink/v2?_cje=jzj5DawL5zJyT%2BnfeP9GJWfImnVvZd7vh0AJSObmdOp8YP07VbGmhzc%2BVTc80nUp&url=https%3A%2F%2Fwww.skyscanner.net%2Ftransport_deeplink%2F4.0%2FDE%2Fde-DE%2FEUR%2Fpede%2F1%2F14385.10487.2023-05-30%2Fair%2Ftrava%2Fflights%3Fitinerary%3Dflight%7C-32090%7C1972%7C14385%7C2023-05-30T06%3A45%7C10487%7C2023-05-30T07%3A50%7C65%7CKDELGTN9%7CK%7C-%26carriers%3D-32090%26operators%3D-32090%26passengers%3D1%26channel%3Ddataapi%26cabin_class%3Deconomy%26facilitated%3Dfalse%26fps_session_id%3D7fdc536f-b353-4be1-9cf2-fb0582b882c1%26ticket_price%3D79.51%26is_npt%3Dfalse%26is_multipart%3Dfalse%26client_id%3Dskyscanner_b2b%26request_id%3Dceab9bb0-c31e-4f49-b598-d88cbabf2163%26q_ids%3DH4sIAAAAAAAAAOOS4mIpSE1JFWLm2FggxczxPVCh4eeVxWxGTAqMAMpbSUscAAAA%7C-2367235312149687676%7C2%26q_sources%3DJACQUARD%26commercial_filters%3Dfalse%26q_datetime_utc%3D2023-02-13T12%3A04%3A36%26pqid%3Dfalse
2023-06-01 20:25:00,2023-06-01 21:30:00,84.17,https://partners.api.skyscanner.net/apiservices/deeplink/v2?_cje=jzj5DawL5zJyT%2BnfeP9GJWfImnVvZd7vh0AJSObmdOp8YP07VbGmhzc%2BVTc80nUp&url=https%3A%2F%2Fwww.skyscanner.net%2Ftransport_deeplink%2F4.0%2FDE%2Fde-DE%2FEUR%2Fpede%2F1%2F10487.14385.2023-06-01%2Fair%2Ftrava%2Fflights%3Fitinerary%3Dflight%7C-32090%7C1989%7C10487%7C2023-06-01T20%3A25%7C14385%7C2023-06-01T21%3A30%7C65%7CKDELGTN9%7CK%7C-%26carriers%3D-32090%26operators%3D-32089%26passengers%3D1%26channel%3Ddataapi%26cabin_class%3Deconomy%26facilitated%3Dfalse%26fps_session_id%3Dea8640a3-678a-4254-8afc-3a083076152b%26ticket_price%3D84.17%26is_npt%3Dfalse%26is_multipart%3Dfalse%26client_id%3Dskyscanner_b2b%26request_id%3D1c3a1d14-e19d-476b-8080-ea0e40e4b75c%26q_ids%3DH4sIAAAAAAAAAOOS4mIpSE1JFWLm-B4oxcyxsUChYf_9xWxGTAqMAE2-1X0cAAAA%7C-4605207356979520965%7C2%26q_sources%3DJACQUARD%26commercial_filters%3Dfalse%26q_datetime_utc%3D2023-02-13T12%3A04%3A46%26pqid%3Dfalse
2023-06-06 06:45:00,2023-06-06 07:50:00,79.51,https://partners.api.skyscanner.net/apiservices/deeplink/v2?_cje=jzj5DawL5zJyT%2BnfeP9GJWfImnVvZd7vh0AJSObmdOp8YP07VbGmhzc%2BVTc80nUp&url=https%3A%2F%2Fwww.skyscanner.net%2Ftransport_deeplink%2F4.0%2FDE%2Fde-DE%2FEUR%2Fpede%2F1%2F14385.10487.2023-06-06%2Fair%2Ftrava%2Fflights%3Fitinerary%3Dflight%7C-32090%7C1972%7C14385%7C2023-06-06T06%3A45%7C10487%7C2023-06-06T07%3A50%7C65%7CKDELGTN9%7CK%7C-%26carriers%3D-32090%26operators%3D-32090%26passengers%3D1%26channel%3Ddataapi%26cabin_class%3Deconomy%26facilitated%3Dfalse%26fps_session_id%3Dde23f34f-d345-4420-8a43-45c2787c9673%26ticket_price%3D79.51%26is_npt%3Dfalse%26is_multipart%3Dfalse%26client_id%3Dskyscanner_b2b%26request_id%3Df4a16199-9c87-4f5e-b277-365d76335352%26q_ids%3DH4sIAAAAAAAAAOOS4mIpSE1JFWLm2FggxczxPVCh4d3PxWxGTAqMAKQ7XZMcAAAA%7C-6638914116674854786%7C2%26q_sources%3DJACQUARD%26commercial_filters%3Dfalse%26q_datetime_utc%3D2023-02-13T12%3A04%3A55%26pqid%3Dfalse
2023-06-08 20:25:00,2023-06-08 21:30:00,84.17,https://partners.api.skyscanner.net/apiservices/deeplink/v2?_cje=jzj5DawL5zJyT%2BnfeP9GJWfImnVvZd7vh0AJSObmdOp8YP07VbGmhzc%2BVTc80nUp&url=https%3A%2F%2Fwww.skyscanner.net%2Ftransport_deeplink%2F4.0%2FDE%2Fde-DE%2FEUR%2Fpede%2F1%2F10487.14385.2023-06-08%2Fair%2Ftrava%2Fflights%3Fitinerary%3Dflight%7C-32090%7C1989%7C10487%7C2023-06-08T20%3A25%7C14385%7C2023-06-08T21%3A30%7C65%7CKDELGTN9%7CK%7C-%26carriers%3D-32090%26operators%3D-32089%26passengers%3D1%26channel%3Ddataapi%26cabin_class%3Deconomy%26facilitated%3Dfalse%26fps_session_id%3D7458cff5-a63e-416f-9bac-06ce3e0739ab%26ticket_price%3D84.17%26is_npt%3Dfalse%26is_multipart%3Dfalse%26client_id%3Dskyscanner_b2b%26request_id%3D178a319e-0d61-4673-a7f9-caf4c3ba8b9a%26q_ids%3DH4sIAAAAAAAAAOOS4mIpSE1JFWLm-B4oxcyxsUChYUvLEjYjJgVGAO4vaBwcAAAA%7C5883820664558301608%7C2%26q_sources%3DJACQUARD%26commercial_filters%3Dfalse%26q_datetime_utc%3D2023-02-13T12%3A05%3A04%26pqid%3Dfalse
2023-06-13 06:45:00,2023-06-13 07:50:00,79.51,https://partners.api.skyscanner.net/apiservices/deeplink/v2?_cje=jzj5DawL5zJyT%2BnfeP9GJWfImnVvZd7vh0AJSObmdOp8YP07VbGmhzc%2BVTc80nUp&url=https%3A%2F%2Fwww.skyscanner.net%2Ftransport_deeplink%2F4.0%2FDE%2Fde-DE%2FEUR%2Fpede%2F1%2F14385.10487.2023-06-13%2Fair%2Ftrava%2Fflights%3Fitinerary%3Dflight%7C-32090%7C1972%7C14385%7C2023-06-13T06%3A45%7C10487%7C2023-06-13T07%3A50%7C65%7CKDELGTN9%7CK%7C-%26carriers%3D-32090%26operators%3D-32090%26passengers%3D1%26channel%3Ddataapi%26cabin_class%3Deconomy%26facilitated%3Dfalse%26fps_session_id%3D06ff488f-98fd-4977-857e-10dffd5f8826%26ticket_price%3D79.51%26is_npt%3Dfalse%26is_multipart%3Dfalse%26client_id%3Dskyscanner_b2b%26request_id%3Dd6291d37-0738-4614-9ab9-5270150fb896%26q_ids%3DH4sIAAAAAAAAAOOS4mIpSE1JFWLm2FggxczxPVCh4fG8JWxGTAqMAKZsTFscAAAA%7C1607754199943783551%7C2%26q_sources%3DJACQUARD%26commercial_filters%3Dfalse%26q_datetime_utc%3D2023-02-13T12%3A05%3A14%26pqid%3Dfalse
2023-06-15 20:25:00,2023-06-15 21:30:00,84.17,https://partners.api.skyscanner.net/apiservices/deeplink/v2?_cje=jzj5DawL5zJyT%2BnfeP9GJWfImnVvZd7vh0AJSObmdOp8YP07VbGmhzc%2BVTc80nUp&url=https%3A%2F%2Fwww.skyscanner.net%2Ftransport_deeplink%2F4.0%2FDE%2Fde-DE%2FEUR%2Fpede%2F1%2F10487.14385.2023-06-15%2Fair%2Ftrava%2Fflights%3Fitinerary%3Dflight%7C-32090%7C1989%7C10487%7C2023-06-15T20%3A25%7C14385%7C2023-06-15T21%3A30%7C65%7CKDELGTN9%7CK%7C-%26carriers%3D-32090%26operators%3D-32089%26passengers%3D1%26channel%3Ddataapi%26cabin_class%3Deconomy%26facilitated%3Dfalse%26fps_session_id%3D17ceb1b8-50c4-41a6-868f-7deb264fadd8%26ticket_price%3D84.17%26is_npt%3Dfalse%26is_multipart%3Dfalse%26client_id%3Dskyscanner_b2b%26request_id%3Dbad21b18-250b-435c-a39a-7d86643ada56%26q_ids%3DH4sIAAAAAAAAAOOS4mIpSE1JFWLm-B4oxcyxsUChYeXKJWxGTAqMAEhTvFUcAAAA%7C6692846738472087584%7C2%26q_sources%3DJACQUARD%26commercial_filters%3Dfalse%26q_datetime_utc%3D2023-02-13T12%3A05%3A21%26pqid%3Dfalse
2023-06-20 06:45:00,2023-06-20 07:50:00,79.51,https://partners.api.skyscanner.net/apiservices/deeplink/v2?_cje=jzj5DawL5zJyT%2BnfeP9GJWfImnVvZd7vh0AJSObmdOp8YP07VbGmhzc%2BVTc80nUp&url=https%3A%2F%2Fwww.skyscanner.net%2Ftransport_deeplink%2F4.0%2FDE%2Fde-DE%2FEUR%2Fpede%2F1%2F14385.10487.2023-06-20%2Fair%2Ftrava%2Fflights%3Fitinerary%3Dflight%7C-32090%7C1972%7C14385%7C2023-06-20T06%3A45%7C10487%7C2023-06-20T07%3A50%7C65%7CKDELGTN9%7CK%7C-%26carriers%3D-32090%26operators%3D-32090%26passengers%3D1%26channel%3Ddataapi%26cabin_class%3Deconomy%26facilitated%3Dfalse%26fps_session_id%3D9aa60e01-69e5-4b4c-be93-7878628e067b%26ticket_price%3D79.51%26is_npt%3Dfalse%26is_multipart%3Dfalse%26client_id%3Dskyscanner_b2b%26request_id%3D4a44982e-2945-44b4-a87e-4d2965075c53%26q_ids%3DH4sIAAAAAAAAAOOS4mIpSE1JFWLm2FggxczxPVCh4cbhJWxGTAqMAPqr6cEcAAAA%7C-933261161380265874%7C2%26q_sources%3DJACQUARD%26commercial_filters%3Dfalse%26q_datetime_utc%3D2023-02-13T12%3A05%3A31%26pqid%3Dfalse
2023-06-22 20:25:00,2023-06-22 21:30:00,84.17,https://partners.api.skyscanner.net/apiservices/deeplink/v2?_cje=jzj5DawL5zJyT%2BnfeP9GJWfImnVvZd7vh0AJSObmdOp8YP07VbGmhzc%2BVTc80nUp&url=https%3A%2F%2Fwww.skyscanner.net%2Ftransport_deeplink%2F4.0%2FDE%2Fde-DE%2FEUR%2Fpede%2F1%2F10487.14385.2023-06-22%2Fair%2Ftrava%2Fflights%3Fitinerary%3Dflight%7C-32090%7C1989%7C10487%7C2023-06-22T20%3A25%7C14385%7C2023-06-22T21%3A30%7C65%7CKDELGTN9%7CK%7C-%26carriers%3D-32090%26operators%3D-32089%26passengers%3D1%26channel%3Ddataapi%26cabin_class%3Deconomy%26facilitated%3Dfalse%26fps_session_id%3De088c8e7-91c6-40d0-82bf-085e6e85a45e%26ticket_price%3D84.17%26is_npt%3Dfalse%26is_multipart%3Dfalse%26client_id%3Dskyscanner_b2b%26request_id%3Dd7f43b3f-6cd3-460a-8427-0e7c93c56fcd%26q_ids%3DH4sIAAAAAAAAAOOS4mIpSE1JFWLm-B4oxcyxsUChYd65JWxGTAqMAEd7pZQcAAAA%7C6786348050039756661%7C2%26q_sources%3DJACQUARD%26commercial_filters%3Dfalse%26q_datetime_utc%3D2023-02-13T12%3A05%3A41%26pqid%3Dfalse
2023-06-27 06:45:00,2023-06-27 07:50:00,79.51,https://partners.api.skyscanner.net/apiservices/deeplink/v2?_cje=jzj5DawL5zJyT%2BnfeP9GJWfImnVvZd7vh0AJSObmdOp8YP07VbGmhzc%2BVTc80nUp&url=https%3A%2F%2Fwww.skyscanner.net%2Ftransport_deeplink%2F4.0%2FDE%2Fde-DE%2FEUR%2Fpede%2F1%2F14385.10487.2023-06-27%2Fair%2Ftrava%2Fflights%3Fitinerary%3Dflight%7C-32090%7C1972%7C14385%7C2023-06-27T06%3A45%7C10487%7C2023-06-27T07%3A50%7C65%7CKDELGTN9%7CK%7C-%26carriers%3D-32090%26operators%3D-32090%26passengers%3D1%26channel%3Ddataapi%26cabin_class%3Deconomy%26facilitated%3Dfalse%26fps_session_id%3D6d7458c5-818c-40d5-8128-4469950d5ad7%26ticket_price%3D79.51%26is_npt%3Dfalse%26is_multipart%3Dfalse%26client_id%3Dskyscanner_b2b%26request_id%3Df3c565d3-a80c-4ca0-9b30-2bb8246f49af%26q_ids%3DH4sIAAAAAAAAAOOS4mIpSE1JFWLm2FggxczxPVCh4eyLJWxGTAqMANP5CDgcAAAA%7C-8311534795836000963%7C2%26q_sources%3DJACQUARD%26commercial_filters%3Dfalse%26q_datetime_utc%3D2023-02-13T12%3A05%3A49%26pqid%3Dfalse
2023-06-29 20:25:00,2023-06-29 21:30:00,84.17,https://partners.api.skyscanner.net/apiservices/deeplink/v2?_cje=jzj5DawL5zJyT%2BnfeP9GJWfImnVvZd7vh0AJSObmdOp8YP07VbGmhzc%2BVTc80nUp&url=https%3A%2F%2Fwww.skyscanner.net%2Ftransport_deeplink%2F4.0%2FDE%2Fde-DE%2FEUR%2Fpede%2F1%2F10487.14385.2023-06-29%2Fair%2Ftrava%2Fflights%3Fitinerary%3Dflight%7C-32090%7C1989%7C10487%7C2023-06-29T20%3A25%7C14385%7C2023-06-29T21%3A30%7C65%7CKDELGTN9%7CK%7C-%26carriers%3D-32090%26operators%3D-32089%26passengers%3D1%26channel%3Ddataapi%26cabin_class%3Deconomy%26facilitated%3Dfalse%26fps_session_id%3Dd269b1ea-8af5-41f6-8918-021ebdd13269%26ticket_price%3D84.17%26is_npt%3Dfalse%26is_multipart%3Dfalse%26client_id%3Dskyscanner_b2b%26request_id%3Dc7be2682-7fb8-4ac8-a901-b5a888f520c1%26q_ids%3DH4sIAAAAAAAAAOOS4mIpSE1JFWLm-B4oxcyxsUChYfLnJWxGTAqMAASqFMYcAAAA%7C3115646277148545201%7C2%26q_sources%3DJACQUARD%26commercial_filters%3Dfalse%26q_datetime_utc%3D2023-02-13T12%3A06%3A00%26pqid%3Dfalse
2023-07-04 06:45:00,2023-07-04 07:50:00,79.51,https://partners.api.skyscanner.net/apiservices/deeplink/v2?_cje=jzj5DawL5zJyT%2BnfeP9GJWfImnVvZd7vh0AJSObmdOp8YP07VbGmhzc%2BVTc80nUp&url=https%3A%2F%2Fwww.skyscanner.net%2Ftransport_deeplink%2F4.0%2FDE%2Fde-DE%2FEUR%2Fpede%2F1%2F14385.10487.2023-07-04%2Fair%2Ftrava%2Fflights%3Fitinerary%3Dflight%7C-32090%7C1972%7C14385%7C2023-07-04T06%3A45%7C10487%7C2023-07-04T07%3A50%7C65%7CKDELGTN9%7CK%7C-%26carriers%3D-32090%26operators%3D-32090%26passengers%3D1%26channel%3Ddataapi%26cabin_class%3Deconomy%26facilitated%3Dfalse%26fps_session_id%3D068eb661-fd82-4402-b07e-2f730b72aaca%26ticket_price%3D79.51%26is_npt%3Dfalse%26is_multipart%3Dfalse%26client_id%3Dskyscanner_b2b%26request_id%3D45126575-74aa-463c-a7f2-a4972e93441b%26q_ids%3DH4sIAAAAAAAAAOOS4mIpSE1JFWLm2FggxczxPVCh4VDvUjYjJgVGAJhb-vMcAAAA%7C1472600714510020470%7C2%26q_sources%3DJACQUARD%26commercial_filters%3Dfalse%26q_datetime_utc%3D2023-02-13T12%3A06%3A10%26pqid%3Dfalse
2023-07-06 20:25:00,2023-07-06 21:30:00,84.17,https://partners.api.skyscanner.net/apiservices/deeplink/v2?_cje=jzj5DawL5zJyT%2BnfeP9GJWfImnVvZd7vh0AJSObmdOp8YP07VbGmhzc%2BVTc80nUp&url=https%3A%2F%2Fwww.skyscanner.net%2Ftransport_deeplink%2F4.0%2FDE%2Fde-DE%2FEUR%2Fpede%2F1%2F10487.14385.2023-07-06%2Fair%2Ftrava%2Fflights%3Fitinerary%3Dflight%7C-32090%7C1989%7C10487%7C2023-07-06T20%3A25%7C14385%7C2023-07-06T21%3A30%7C65%7CKDELGTN9%7CK%7C-%26carriers%3D-32090%26operators%3D-32089%26passengers%3D1%26channel%3Ddataapi%26cabin_class%3Deconomy%26facilitated%3Dfalse%26fps_session_id%3D1937dea7-7ba3-4db2-a207-d6695617f775%26ticket_price%3D84.17%26is_npt%3Dfalse%26is_multipart%3Dfalse%26client_id%3Dskyscanner_b2b%26request_id%3D865fa3cc-8b17-4625-983e-daa7cc48fed1%26q_ids%3DH4sIAAAAAAAAAOOS4mIpSE1JFWLm-B4oxcyxsUChoWPGUjYjJgVGAMNMKKUcAAAA%7C-2690570876824213339%7C2%26q_sources%3DJACQUARD%26commercial_filters%3Dfalse%26q_datetime_utc%3D2023-02-13T12%3A06%3A20%26pqid%3Dfalse
2023-07-11 06:45:00,2023-07-11 07:50:00,79.51,https://partners.api.skyscanner.net/apiservices/deeplink/v2?_cje=jzj5DawL5zJyT%2BnfeP9GJWfImnVvZd7vh0AJSObmdOp8YP07VbGmhzc%2BVTc80nUp&url=https%3A%2F%2Fwww.skyscanner.net%2Ftransport_deeplink%2F4.0%2FDE%2Fde-DE%2FEUR%2Fpede%2F1%2F14385.10487.2023-07-11%2Fair%2Ftrava%2Fflights%3Fitinerary%3Dflight%7C-32090%7C1972%7C14385%7C2023-07-11T06%3A45%7C10487%7C2023-07-11T07%3A50%7C65%7CKDELGTN9%7CK%7C-%26carriers%3D-32090%26operators%3D-32090%26passengers%3D1%26channel%3Ddataapi%26cabin_class%3Deconomy%26facilitated%3Dfalse%26fps_session_id%3D1c842a4f-1a7e-4de6-8de0-b24e624cc0ab%26ticket_price%3D79.51%26is_npt%3Dfalse%26is_multipart%3Dfalse%26client_id%3Dskyscanner_b2b%26request_id%3D89e28042-a8cc-4ddb-926e-33f7d3b9ca88%26q_ids%3DH4sIAAAAAAAAAOOS4mIpSE1JFWLm2FggxczxPVChYfumpWxGTAqMANcRYUkcAAAA%7C-8148674811463012539%7C2%26q_sources%3DJACQUARD%26commercial_filters%3Dfalse%26q_datetime_utc%3D2023-02-13T12%3A06%3A33%26pqid%3Dfalse
2023-07-13 20:25:00,2023-07-13 21:30:00,84.17,https://partners.api.skyscanner.net/apiservices/deeplink/v2?_cje=jzj5DawL5zJyT%2BnfeP9GJWfImnVvZd7vh0AJSObmdOp8YP07VbGmhzc%2BVTc80nUp&url=https%3A%2F%2Fwww.skyscanner.net%2Ftransport_deeplink%2F4.0%2FDE%2Fde-DE%2FEUR%2Fpede%2F1%2F10487.14385.2023-07-13%2Fair%2Ftrava%2Fflights%3Fitinerary%3Dflight%7C-32090%7C1989%7C10487%7C2023-07-13T20%3A25%7C14385%7C2023-07-13T21%3A30%7C65%7CKDELGTN9%7CK%7C-%26carriers%3D-32090%26operators%3D-32089%26passengers%3D1%26channel%3Ddataapi%26cabin_class%3Deconomy%26facilitated%3Dfalse%26fps_session_id%3Da2fab629-8e8d-441e-a57d-f2914d355113%26ticket_price%3D84.17%26is_npt%3Dfalse%26is_multipart%3Dfalse%26client_id%3Dskyscanner_b2b%26request_id%3Dc3dcfeda-851c-49af-a5ba-3116a854da74%26q_ids%3DH4sIAAAAAAAAAOOS4mIpSE1JFWLm-B4oxcyxsUCh4e-epWxGTAqMALjOanocAAAA%7C6508905274255179347%7C2%26q_sources%3DJACQUARD%26commercial_filters%3Dfalse%26q_datetime_utc%3D2023-02-13T12%3A06%3A50%26pqid%3Dfalse
2023-07-18 06:45:00,2023-07-18 07:50:00,79.51,https://partners.api.skyscanner.net/apiservices/deeplink/v2?_cje=jzj5DawL5zJyT%2BnfeP9GJWfImnVvZd7vh0AJSObmdOp8YP07VbGmhzc%2BVTc80nUp&url=https%3A%2F%2Fwww.skyscanner.net%2Ftransport_deeplink%2F4.0%2FDE%2Fde-DE%2FEUR%2Fpede%2F1%2F14385.10487.2023-07-18%2Fair%2Ftrava%2Fflights%3Fitinerary%3Dflight%7C-32090%7C1972%7C14385%7C2023-07-18T06%3A45%7C10487%7C2023-07-18T07%3A50%7C65%7CKDELGTN9%7CK%7C-%26carriers%3D-32090%26operators%3D-32090%26passengers%3D1%26channel%3Ddataapi%26cabin_class%3Deconomy%26facilitated%3Dfalse%26fps_session_id%3Da2ba6e0f-41eb-4a45-a974-91f66ae1b131%26ticket_price%3D79.51%26is_npt%3Dfalse%26is_multipart%3Dfalse%26client_id%3Dskyscanner_b2b%26request_id%3De31841b1-d601-4470-bf59-ca868a02830c%26q_ids%3DH4sIAAAAAAAAAOOS4mIpSE1JFWLm2FggxczxPVChYc31pWxGTAqMAOhfPrEcAAAA%7C6709765530399998732%7C2%26q_sources%3DJACQUARD%26commercial_filters%3Dfalse%26q_datetime_utc%3D2023-02-13T12%3A06%3A54%26pqid%3Dfalse
2023-07-20 20:25:00,2023-07-20 21:30:00,84.17,https://partners.api.skyscanner.net/apiservices/deeplink/v2?_cje=jzj5DawL5zJyT%2BnfeP9GJWfImnVvZd7vh0AJSObmdOp8YP07VbGmhzc%2BVTc80nUp&url=https%3A%2F%2Fwww.skyscanner.net%2Ftransport_deeplink%2F4.0%2FDE%2Fde-DE%2FEUR%2Fpede%2F1%2F10487.14385.2023-07-20%2Fair%2Ftrava%2Fflights%3Fitinerary%3Dflight%7C-32090%7C1989%7C10487%7C2023-07-20T20%3A25%7C14385%7C2023-07-20T21%3A30%7C65%7CKDELGTN9%7CK%7C-%26carriers%3D-32090%26operators%3D-32089%26passengers%3D1%26channel%3Ddataapi%26cabin_class%3Deconomy%26facilitated%3Dfalse%26fps_session_id%3D831c67c8-f272-4c32-800d-24d1ce9b2f3f%26ticket_price%3D84.17%26is_npt%3Dfalse%26is_multipart%3Dfalse%26client_id%3Dskyscanner_b2b%26request_id%3Dde087c95-f01d-421a-ad9a-0ae09a3387e1%26q_ids%3DH4sIAAAAAAAAAOOS4mIpSE1JFWLm-B4oxcyxsUCh4dPDpWxGTAqMAGNUSOEcAAAA%7C7998292687875798862%7C2%26q_sources%3DJACQUARD%26commercial_filters%3Dfalse%26q_datetime_utc%3D2023-02-13T12%3A07%3A04%26pqid%3Dfalse
2023-07-25 06:45:00,2023-07-25 07:50:00,79.51,https://partners.api.skyscanner.net/apiservices/deeplink/v2?_cje=jzj5DawL5zJyT%2BnfeP9GJWfImnVvZd7vh0AJSObmdOp8YP07VbGmhzc%2BVTc80nUp&url=https%3A%2F%2Fwww.skyscanner.net%2Ftransport_deeplink%2F4.0%2FDE%2Fde-DE%2FEUR%2Fpede%2F1%2F14385.10487.2023-07-25%2Fair%2Ftrava%2Fflights%3Fitinerary%3Dflight%7C-32090%7C1972%7C14385%7C2023-07-25T06%3A45%7C10487%7C2023-07-25T07%3A50%7C65%7CKDELGTN9%7CK%7C-%26carriers%3D-32090%26operators%3D-32090%26passengers%3D1%26channel%3Ddataapi%26cabin_class%3Deconomy%26facilitated%3Dfalse%26fps_session_id%3D60adef23-ec41-41de-a584-2499f3222f77%26ticket_price%3D79.51%26is_npt%3Dfalse%26is_multipart%3Dfalse%26client_id%3Dskyscanner_b2b%26request_id%3Db6854d23-f0a5-4c1d-99f2-7444ef87cef4%26q_ids%3DH4sIAAAAAAAAAOOS4mIpSE1JFWLm2FggxczxPVChYeGfpWxGTAqMAF8ngeccAAAA%7C2545098727103729650%7C2%26q_sources%3DJACQUARD%26commercial_filters%3Dfalse%26q_datetime_utc%3D2023-02-13T12%3A07%3A16%26pqid%3Dfalse
2023-07-27 20:25:00,2023-07-27 21:30:00,84.17,https://partners.api.skyscanner.net/apiservices/deeplink/v2?_cje=jzj5DawL5zJyT%2BnfeP9GJWfImnVvZd7vh0AJSObmdOp8YP07VbGmhzc%2BVTc80nUp&url=https%3A%2F%2Fwww.skyscanner.net%2Ftransport_deeplink%2F4.0%2FDE%2Fde-DE%2FEUR%2Fpede%2F1%2F10487.14385.2023-07-27%2Fair%2Ftrava%2Fflights%3Fitinerary%3Dflight%7C-32090%7C1989%7C10487%7C2023-07-27T20%3A25%7C14385%7C2023-07-27T21%3A30%7C65%7CKDELGTN9%7CK%7C-%26carriers%3D-32090%26operators%3D-32089%26passengers%3D1%26channel%3Ddataapi%26cabin_class%3Deconomy%26facilitated%3Dfalse%26fps_session_id%3De7fb7230-0a91-4790-8ce9-49d7fb5a513f%26ticket_price%3D84.17%26is_npt%3Dfalse%26is_multipart%3Dfalse%26client_id%3Dskyscanner_b2b%26request_id%3D4d96e556-cd0f-4466-9246-66069f5e4762%26q_ids%3DH4sIAAAAAAAAAOOS4mIpSE1JFWLm-B4oxcyxsUCh4XnbMjYjJgVGAOlrlh0cAAAA%7C8898419028446693854%7C2%26q_sources%3DJACQUARD%26commercial_filters%3Dfalse%26q_datetime_utc%3D2023-02-13T12%3A07%3A25%26pqid%3Dfalse
2023-08-01 06:45:00,2023-08-01 07:50:00,79.51,https://partners.api.skyscanner.net/apiservices/deeplink/v2?_cje=jzj5DawL5zJyT%2BnfeP9GJWfImnVvZd7vh0AJSObmdOp8YP07VbGmhzc%2BVTc80nUp&url=https%3A%2F%2Fwww.skyscanner.net%2Ftransport_deeplink%2F4.0%2FDE%2Fde-DE%2FEUR%2Fpede%2F1%2F14385.10487.2023-08-01%2Fair%2Ftrava%2Fflights%3Fitinerary%3Dflight%7C-32090%7C1972%7C14385%7C2023-08-01T06%3A45%7C10487%7C2023-08-01T07%3A50%7C65%7CKDELGTN9%7CK%7C-%26carriers%3D-32090%26operators%3D-32090%26passengers%3D1%26channel%3Ddataapi%26cabin_class%3Deconomy%26facilitated%3Dfalse%26fps_session_id%3Da76ba2f4-13ef-443a-a4a2-26dd80598b06%26ticket_price%3D79.51%26is_npt%3Dfalse%26is_multipart%3Dfalse%26client_id%3Dskyscanner_b2b%26request_id%3Df2446175-a15b-4968-9d3d-5e41d7e20ba4%26q_ids%3DH4sIAAAAAAAAAOOS4mIpSE1JFWLm2FggxczxPVChYdrCZWxGTAqMAOKHH6wcAAAA%7C6166116952706289538%7C2%26q_sources%3DJACQUARD%26commercial_filters%3Dfalse%26q_datetime_utc%3D2023-02-13T12%3A07%3A36%26pqid%3Dfalse
2023-08-03 20:25:00,2023-08-03 21:30:00,84.17,https://partners.api.skyscanner.net/apiservices/deeplink/v2?_cje=jzj5DawL5zJyT%2BnfeP9GJWfImnVvZd7vh0AJSObmdOp8YP07VbGmhzc%2BVTc80nUp&url=https%3A%2F%2Fwww.skyscanner.net%2Ftransport_deeplink%2F4.0%2FDE%2Fde-DE%2FEUR%2Fpede%2F1%2F10487.14385.2023-08-03%2Fair%2Ftrava%2Fflights%3Fitinerary%3Dflight%7C-32090%7C1989%7C10487%7C2023-08-03T20%3A25%7C14385%7C2023-08-03T21%3A30%7C65%7CKDELGTN9%7CK%7C-%26carriers%3D-32090%26operators%3D-32089%26passengers%3D1%26channel%3Ddataapi%26cabin_class%3Deconomy%26facilitated%3Dfalse%26fps_session_id%3Dd78c9d7a-03d1-4419-8f43-f0a6874d8596%26ticket_price%3D84.17%26is_npt%3Dfalse%26is_multipart%3Dfalse%26client_id%3Dskyscanner_b2b%26request_id%3Dba9a7a20-5b4d-47d2-a229-a66e0fd2d721%26q_ids%3DH4sIAAAAAAAAAOOS4mIpSE1JFWLm-B4oxcyxsUCh4c7qZWxGTAqMAJ58W2scAAAA%7C971883322874930539%7C2%26q_sources%3DJACQUARD%26commercial_filters%3Dfalse%26q_datetime_utc%3D2023-02-13T12%3A07%3A45%26pqid%3Dfalse
2023-08-08 06:45:00,2023-08-08 07:50:00,79.51,https://partners.api.skyscanner.net/apiservices/deeplink/v2?_cje=jzj5DawL5zJyT%2BnfeP9GJWfImnVvZd7vh0AJSObmdOp8YP07VbGmhzc%2BVTc80nUp&url=https%3A%2F%2Fwww.skyscanner.net%2Ftransport_deeplink%2F4.0%2FDE%2Fde-DE%2FEUR%2Fpede%2F1%2F14385.10487.2023-08-08%2Fair%2Ftrava%2Fflights%3Fitinerary%3Dflight%7C-32090%7C1972%7C14385%7C2023-08-08T06%3A45%7C10487%7C2023-08-08T07%3A50%7C65%7CKDELGTN9%7CK%7C-%26carriers%3D-32090%26operators%3D-32090%26passengers%3D1%26channel%3Ddataapi%26cabin_class%3Deconomy%26facilitated%3Dfalse%26fps_session_id%3De675c154-d0eb-4624-8f42-ee92367c3c5d%26ticket_price%3D79.51%26is_npt%3Dfalse%26is_multipart%3Dfalse%26client_id%3Dskyscanner_b2b%26request_id%3Db6fdd6fe-0d90-47cb-828c-ef2a7d26767b%26q_ids%3DH4sIAAAAAAAAAOOS4mIpSE1JFWLm2FggxczxPVChofvYMjYjJgVGAHPRsAUcAAAA%7C8491539555942944430%7C2%26q_sources%3DJACQUARD%26commercial_filters%3Dfalse%26q_datetime_utc%3D2023-02-13T12%3A07%3A55%26pqid%3Dfalse
2023-08-10 20:25:00,2023-08-10 21:30:00,84.17,https://partners.api.skyscanner.net/apiservices/deeplink/v2?_cje=jzj5DawL5zJyT%2BnfeP9GJWfImnVvZd7vh0AJSObmdOp8YP07VbGmhzc%2BVTc80nUp&url=https%3A%2F%2Fwww.skyscanner.net%2Ftransport_deeplink%2F4.0%2FDE%2Fde-DE%2FEUR%2Fpede%2F1%2F10487.14385.2023-08-10%2Fair%2Ftrava%2Fflights%3Fitinerary%3Dflight%7C-32090%7C1989%7C10487%7C2023-08-10T20%3A25%7C14385%7C2023-08-10T21%3A30%7C65%7CKDELGTN9%7CK%7C-%26carriers%3D-32090%26operators%3D-32089%26passengers%3D1%26channel%3Ddataapi%26cabin_class%3Deconomy%26facilitated%3Dfalse%26fps_session_id%3Ddd2a9afb-ae3a-4ec1-8738-1ed9e5149b88%26ticket_price%3D84.17%26is_npt%3Dfalse%26is_multipart%3Dfalse%26client_id%3Dskyscanner_b2b%26request_id%3Dbbaf5351-d15d-49b3-bb1f-109eeddb8410%26q_ids%3DH4sIAAAAAAAAAOOS4mIpSE1JFWLm-B4oxcyxsUCh4eKFZWxGTAqMAJ7tMR4cAAAA%7C3584656863587591812%7C2%26q_sources%3DJACQUARD%26commercial_filters%3Dfalse%26q_datetime_utc%3D2023-02-13T12%3A08%3A08%26pqid%3Dfalse
2023-08-15 06:45:00,2023-08-15 07:50:00,79.51,https://partners.api.skyscanner.net/apiservices/deeplink/v2?_cje=jzj5DawL5zJyT%2BnfeP9GJWfImnVvZd7vh0AJSObmdOp8YP07VbGmhzc%2BVTc80nUp&url=https%3A%2F%2Fwww.skyscanner.net%2Ftransport_deeplink%2F4.0%2FDE%2Fde-DE%2FEUR%2Fpede%2F1%2F14385.10487.2023-08-15%2Fair%2Ftrava%2Fflights%3Fitinerary%3Dflight%7C-32090%7C1972%7C14385%7C2023-08-15T06%3A45%7C10487%7C2023-08-15T07%3A50%7C65%7CKDELGTN9%7CK%7C-%26carriers%3D-32090%26operators%3D-32090%26passengers%3D1%26channel%3Ddataapi%26cabin_class%3Deconomy%26facilitated%3Dfalse%26fps_session_id%3Dee10cbce-b29e-43eb-8b87-f629c28b3ed7%26ticket_price%3D79.51%26is_npt%3Dfalse%26is_multipart%3Dfalse%26client_id%3Dskyscanner_b2b%26request_id%3D11a66c8f-87b3-46b2-8e4e-ca6b8f8c7f46%26q_ids%3DH4sIAAAAAAAAAOOS4mIpSE1JFWLm2FggxczxPVChoeH1MjYjJgVGAHmVsPYcAAAA%7C-5532892037556371311%7C2%26q_sources%3DJACQUARD%26commercial_filters%3Dfalse%26q_datetime_utc%3D2023-02-13T12%3A08%3A13%26pqid%3Dfalse
2023-08-17 20:25:00,2023-08-17 21:30:00,84.17,https://partners.api.skyscanner.net/apiservices/deeplink/v2?_cje=jzj5DawL5zJyT%2BnfeP9GJWfImnVvZd7vh0AJSObmdOp8YP07VbGmhzc%2BVTc80nUp&url=https%3A%2F%2Fwww.skyscanner.net%2Ftransport_deeplink%2F4.0%2FDE%2Fde-DE%2FEUR%2Fpede%2F1%2F10487.14385.2023-08-17%2Fair%2Ftrava%2Fflights%3Fitinerary%3Dflight%7C-32090%7C1989%7C10487%7C2023-08-17T20%3A25%7C14385%7C2023-08-17T21%3A30%7C65%7CKDELGTN9%7CK%7C-%26carriers%3D-32090%26operators%3D-32089%26passengers%3D1%26channel%3Ddataapi%26cabin_class%3Deconomy%26facilitated%3Dfalse%26fps_session_id%3Ddad29aed-9005-4185-b580-ab76e873d729%26ticket_price%3D84.17%26is_npt%3Dfalse%26is_multipart%3Dfalse%26client_id%3Dskyscanner_b2b%26request_id%3D97e3b4c6-d1b2-4790-8500-b8d23197d592%26q_ids%3DH4sIAAAAAAAAAOOS4mIpSE1JFWLm-B4oxcyxsUCh4djXZWxGTAqMAJfDyvUcAAAA%7C4538607375377523999%7C2%26q_sources%3DJACQUARD%26commercial_filters%3Dfalse%26q_datetime_utc%3D2023-02-13T12%3A08%3A21%26pqid%3Dfalse
2023-08-22 06:45:00,2023-08-22 07:50:00,79.51,https://partners.api.skyscanner.net/apiservices/deeplink/v2?_cje=jzj5DawL5zJyT%2BnfeP9GJWfImnVvZd7vh0AJSObmdOp8YP07VbGmhzc%2BVTc80nUp&url=https%3A%2F%2Fwww.skyscanner.net%2Ftransport_deeplink%2F4.0%2FDE%2Fde-DE%2FEUR%2Fpede%2F1%2F14385.10487.2023-08-22%2Fair%2Ftrava%2Fflights%3Fitinerary%3Dflight%7C-32090%7C1972%7C14385%7C2023-08-22T06%3A45%7C10487%7C2023-08-22T07%3A50%7C65%7CKDELGTN9%7CK%7C-%26carriers%3D-32090%26operators%3D-32090%26passengers%3D1%26channel%3Ddataapi%26cabin_class%3Deconomy%26facilitated%3Dfalse%26fps_session_id%3Dd301e4f3-043f-4422-ab12-cca0dc48c5a6%26ticket_price%3D79.51%26is_npt%3Dfalse%26is_multipart%3Dfalse%26client_id%3Dskyscanner_b2b%26request_id%3Da7446213-8fdc-4ae1-bcc1-6dada89020cb%26q_ids%3DH4sIAAAAAAAAAOOS4mIpSE1JFWLm2FggxczxPVCh4Wv_cjYjJgVGAN6xpaYcAAAA%7C-8795094437116677431%7C2%26q_sources%3DJACQUARD%26commercial_filters%3Dfalse%26q_datetime_utc%3D2023-02-13T12%3A08%3A31%26pqid%3Dfalse
2023-08-24 20:25:00,2023-08-24 21:30:00,84.17,https://partners.api.skyscanner.net/apiservices/deeplink/v2?_cje=jzj5DawL5zJyT%2BnfeP9GJWfImnVvZd7vh0AJSObmdOp8YP07VbGmhzc%2BVTc80nUp&url=https%3A%2F%2Fwww.skyscanner.net%2Ftransport_deeplink%2F4.0%2FDE%2Fde-DE%2FEUR%2Fpede%2F1%2F10487.14385.2023-08-24%2Fair%2Ftrava%2Fflights%3Fitinerary%3Dflight%7C-32090%7C1989%7C10487%7C2023-08-24T20%3A25%7C14385%7C2023-08-24T21%3A30%7C65%7CKDELGTN9%7CK%7C-%26carriers%3D-32090%26operators%3D-32089%26passengers%3D1%26channel%3Ddataapi%26cabin_class%3Deconomy%26facilitated%3Dfalse%26fps_session_id%3D6a646cb1-a0ca-482f-bfb8-7c0257a0c7b1%26ticket_price%3D84.17%26is_npt%3Dfalse%26is_multipart%3Dfalse%26client_id%3Dskyscanner_b2b%26request_id%3D3eab29ad-9a55-4bc4-b31d-619bbe484f0e%26q_ids%3DH4sIAAAAAAAAAOOS4mIpSE1JFWLm-B4oxcyxsUChYfes5WxGTAqMAH-oPXQcAAAA%7C-552520176920108064%7C2%26q_sources%3DJACQUARD%26commercial_filters%3Dfalse%26q_datetime_utc%3D2023-02-13T12%3A08%3A40%26pqid%3Dfalse
2023-08-29 06:45:00,2023-08-29 07:50:00,79.51,https://partners.api.skyscanner.net/apiservices/deeplink/v2?_cje=jzj5DawL5zJyT%2BnfeP9GJWfImnVvZd7vh0AJSObmdOp8YP07VbGmhzc%2BVTc80nUp&url=https%3A%2F%2Fwww.skyscanner.net%2Ftransport_deeplink%2F4.0%2FDE%2Fde-DE%2FEUR%2Fpede%2F1%2F14385.10487.2023-08-29%2Fair%2Ftrava%2Fflights%3Fitinerary%3Dflight%7C-32090%7C1972%7C14385%7C2023-08-29T06%3A45%7C10487%7C2023-08-29T07%3A50%7C65%7CKDELGTN9%7CK%7C-%26carriers%3D-32090%26operators%3D-32090%26passengers%3D1%26channel%3Ddataapi%26cabin_class%3Deconomy%26facilitated%3Dfalse%26fps_session_id%3D68738570-92e9-4f12-9f0c-ddc9707cc133%26ticket_price%3D79.51%26is_npt%3Dfalse%26is_multipart%3Dfalse%26client_id%3Dskyscanner_b2b%26request_id%3D7f36829f-bcf0-47d6-92c5-c34ac811ec04%26q_ids%3DH4sIAAAAAAAAAOOS4mIpSE1JFWLm2FggxczxPVCh4dWW5WxGTAqMAPFjWqkcAAAA%7C122952630743937253%7C2%26q_sources%3DJACQUARD%26commercial_filters%3Dfalse%26q_datetime_utc%3D2023-02-13T12%3A08%3A49%26pqid%3Dfalse
2023-08-31 20:25:00,2023-08-31 21:30:00,84.17,https://partners.api.skyscanner.net/apiservices/deeplink/v2?_cje=jzj5DawL5zJyT%2BnfeP9GJWfImnVvZd7vh0AJSObmdOp8YP07VbGmhzc%2BVTc80nUp&url=https%3A%2F%2Fwww.skyscanner.net%2Ftransport_deeplink%2F4.0%2FDE%2Fde-DE%2FEUR%2Fpede%2F1%2F10487.14385.2023-08-31%2Fair%2Ftrava%2Fflights%3Fitinerary%3Dflight%7C-32090%7C1989%7C10487%7C2023-08-31T20%3A25%7C14385%7C2023-08-31T21%3A30%7C65%7CKDELGTN9%7CK%7C-%26carriers%3D-32090%26operators%3D-32089%26passengers%3D1%26channel%3Ddataapi%26cabin_class%3Deconomy%26facilitated%3Dfalse%26fps_session_id%3D9eb2d4ef-1355-4494-b9d6-010650d14b27%26ticket_price%3D84.17%26is_npt%3Dfalse%26is_multipart%3Dfalse%26client_id%3Dskyscanner_b2b%26request_id%3Dfee6ebe1-2456-4f16-b6f9-52ecef86b711%26q_ids%3DH4sIAAAAAAAAAOOS4mIpSE1JFWLm-B4oxcyxsUChYcP-5WxGTAqMABKi0rQcAAAA%7C-6396187453238130371%7C2%26q_sources%3DJACQUARD%26commercial_filters%3Dfalse%26q_datetime_utc%3D2023-02-13T12%3A09%3A00%26pqid%3Dfalse
2023-09-05 06:45:00,2023-09-05 07:50:00,79.51,https://partners.api.skyscanner.net/apiservices/deeplink/v2?_cje=jzj5DawL5zJyT%2BnfeP9GJWfImnVvZd7vh0AJSObmdOp8YP07VbGmhzc%2BVTc80nUp&url=https%3A%2F%2Fwww.skyscanner.net%2Ftransport_deeplink%2F4.0%2FDE%2Fde-DE%2FEUR%2Fpede%2F1%2F14385.10487.2023-09-05%2Fair%2Ftrava%2Fflights%3Fitinerary%3Dflight%7C-32090%7C1972%7C14385%7C2023-09-05T06%3A45%7C10487%7C2023-09-05T07%3A50%7C65%7CKDELGTN9%7CK%7C-%26carriers%3D-32090%26operators%3D-32090%26passengers%3D1%26channel%3Ddataapi%26cabin_class%3Deconomy%26facilitated%3Dfalse%26fps_session_id%3D6974542f-a4fb-4ba5-9cb4-07e9435fad3f%26ticket_price%3D79.51%26is_npt%3Dfalse%26is_multipart%3Dfalse%26client_id%3Dskyscanner_b2b%26request_id%3D89ad8427-1843-4fd1-94d5-8e02b65393e5%26q_ids%3DH4sIAAAAAAAAAOOS4mIpSE1JFWLm2FggxczxPVCh4f7N5WxGTAqMAM0TFo4cAAAA%7C-8390033910163067644%7C2%26q_sources%3DJACQUARD%26commercial_filters%3Dfalse%26q_datetime_utc%3D2023-02-13T12%3A09%3A09%26pqid%3Dfalse
2023-09-07 20:25:00,2023-09-07 21:30:00,84.17,https://partners.api.skyscanner.net/apiservices/deeplink/v2?_cje=jzj5DawL5zJyT%2BnfeP9GJWfImnVvZd7vh0AJSObmdOp8YP07VbGmhzc%2BVTc80nUp&url=https%3A%2F%2Fwww.skyscanner.net%2Ftransport_deeplink%2F4.0%2FDE%2Fde-DE%2FEUR%2Fpede%2F1%2F10487.14385.2023-09-07%2Fair%2Ftrava%2Fflights%3Fitinerary%3Dflight%7C-32090%7C1989%7C10487%7C2023-09-07T20%3A25%7C14385%7C2023-09-07T21%3A30%7C65%7CKDELGTN9%7CK%7C-%26carriers%3D-32090%26operators%3D-32089%26passengers%3D1%26channel%3Ddataapi%26cabin_class%3Deconomy%26facilitated%3Dfalse%26fps_session_id%3D6a170a4d-26d9-4b7f-a62b-01f115ae29b7%26ticket_price%3D84.17%26is_npt%3Dfalse%26is_multipart%3Dfalse%26client_id%3Dskyscanner_b2b%26request_id%3D3b3e45c5-babd-4127-9f33-c096adcadb7d%26q_ids%3DH4sIAAAAAAAAAOOS4mIpSE1JFWLm-B4oxcyxsUChYemT5WxGTAqMABAgW6EcAAAA%7C-7678206986253018008%7C2%26q_sources%3DJACQUARD%26commercial_filters%3Dfalse%26q_datetime_utc%3D2023-02-13T12%3A09%3A17%26pqid%3Dfalse
2023-09-12 06:45:00,2023-09-12 07:50:00,79.51,https://partners.api.skyscanner.net/apiservices/deeplink/v2?_cje=jzj5DawL5zJyT%2BnfeP9GJWfImnVvZd7vh0AJSObmdOp8YP07VbGmhzc%2BVTc80nUp&url=https%3A%2F%2Fwww.skyscanner.net%2Ftransport_deeplink%2F4.0%2FDE%2Fde-DE%2FEUR%2Fpede%2F1%2F14385.10487.2023-09-12%2Fair%2Ftrava%2Fflights%3Fitinerary%3Dflight%7C-32090%7C1972%7C14385%7C2023-09-12T06%3A45%7C10487%7C2023-09-12T07%3A50%7C65%7CKDELGTN9%7CK%7C-%26carriers%3D-32090%26operators%3D-32090%26passengers%3D1%26channel%3Ddataapi%26cabin_class%3Deconomy%26facilitated%3Dfalse%26fps_session_id%3Dba61ed78-467d-4978-baae-76ed08642370%26ticket_price%3D79.51%26is_npt%3Dfalse%26is_multipart%3Dfalse%26client_id%3Dskyscanner_b2b%26request_id%3De2eb0fa4-ad8e-4cac-bea9-cc8466bdc9ce%26q_ids%3DH4sIAAAAAAAAAOOS4mIpSE1JFWLm2FggxczxPVCh4cq_5WxGTAqMAIkIZtkcAAAA%7C-886329017624035923%7C2%26q_sources%3DJACQUARD%26commercial_filters%3Dfalse%26q_datetime_utc%3D2023-02-13T12%3A09%3A27%26pqid%3Dfalse
2023-09-14 20:25:00,2023-09-14 21:30:00,84.17,https://partners.api.skyscanner.net/apiservices/deeplink/v2?_cje=jzj5DawL5zJyT%2BnfeP9GJWfImnVvZd7vh0AJSObmdOp8YP07VbGmhzc%2BVTc80nUp&url=https%3A%2F%2Fwww.skyscanner.net%2Ftransport_deeplink%2F4.0%2FDE%2Fde-DE%2FEUR%2Fpede%2F1%2F10487.14385.2023-09-14%2Fair%2Ftrava%2Fflights%3Fitinerary%3Dflight%7C-32090%7C1989%7C10487%7C2023-09-14T20%3A25%7C14385%7C2023-09-14T21%3A30%7C65%7CKDELGTN9%7CK%7C-%26carriers%3D-32090%26operators%3D-32089%26passengers%3D1%26channel%3Ddataapi%26cabin_class%3Deconomy%26facilitated%3Dfalse%26fps_session_id%3Ddefb7e9c-11d0-4ba6-9401-6457054cc23e%26ticket_price%3D84.17%26is_npt%3Dfalse%26is_multipart%3Dfalse%26client_id%3Dskyscanner_b2b%26request_id%3D651e0b16-c8e9-4c90-b64d-ea04e20b3cb0%26q_ids%3DH4sIAAAAAAAAAOOS4mIpSE1JFWLm-B4oxcyxsUChYVbnCjYjJgVGADH-geYcAAAA%7C-3155548535913115296%7C2%26q_sources%3DJACQUARD%26commercial_filters%3Dfalse%26q_datetime_utc%3D2023-02-13T12%3A09%3A35%26pqid%3Dfalse
2023-09-19 06:45:00,2023-09-19 07:50:00,105.65,https://partners.api.skyscanner.net/apiservices/deeplink/v2?_cje=jzj5DawL5zJyT%2BnfeP9GJWfImnVvZd7vh0AJSObmdOp8YP07VbGmhzc%2BVTc80nUp&url=https%3A%2F%2Fwww.skyscanner.net%2Ftransport_deeplink%2F4.0%2FDE%2Fde-DE%2FEUR%2Fcdet%2F1%2F14385.10487.2023-09-19%2Fair%2Ftrava%2Fflights%3Fitinerary%3Dflight%7C-32090%7C1972%7C14385%7C2023-09-19T06%3A45%7C10487%7C2023-09-19T07%3A50%7C65%7C-%7C-%7C-%26carriers%3D-32090%26operators%3D-32090%26passengers%3D1%26channel%3Ddataapi%26cabin_class%3Deconomy%26facilitated%3Dfalse%26fps_session_id%3Db91bc084-07e7-4066-b1cf-7cb52e36c9de%26ticket_price%3D105.65%26is_npt%3Dfalse%26is_multipart%3Dfalse%26client_id%3Dskyscanner_b2b%26request_id%3D90ccf816-01a3-4f3b-9f23-8d5683bba4b7%26q_ids%3DH4sIAAAAAAAAAOOS4mJJTkktEWLm2FggxczxPVCh4eTiFWxGTAqMAKLfnPIcAAAA%7C-7761882667605814673%7C2%26q_sources%3DJACQUARD%26commercial_filters%3Dfalse%26q_datetime_utc%3D2023-02-13T12%3A09%3A51%26pqid%3Dtrue
2023-09-21 20:25:00,2023-09-21 21:30:00,245.9,https://partners.api.skyscanner.net/apiservices/deeplink/v2?_cje=jzj5DawL5zJyT%2BnfeP9GJWfImnVvZd7vh0AJSObmdOp8YP07VbGmhzc%2BVTc80nUp&url=https%3A%2F%2Fwww.skyscanner.net%2Ftransport_deeplink%2F4.0%2FDE%2Fde-DE%2FEUR%2Fcdet%2F1%2F10487.14385.2023-09-21%2Fair%2Ftrava%2Fflights%3Fitinerary%3Dflight%7C-32090%7C1989%7C10487%7C2023-09-21T20%3A25%7C14385%7C2023-09-21T21%3A30%7C65%7C-%7C-%7C-%26carriers%3D-32090%26operators%3D-32089%26passengers%3D1%26channel%3Ddataapi%26cabin_class%3Deconomy%26facilitated%3Dfalse%26fps_session_id%3Dd9555a0c-d901-460c-898b-7a114587effc%26ticket_price%3D245.90%26is_npt%3Dfalse%26is_multipart%3Dfalse%26client_id%3Dskyscanner_b2b%26request_id%3D464cf6d6-220c-47e9-a960-5311e7c5cfce%26q_ids%3DH4sIAAAAAAAAAOOS4mJJTkktEWLm-B4oxcyxsUChoX_dCjYjJgVGAB8P0KccAAAA%7C7004320476825691263%7C2%26q_sources%3DJACQUARD%26commercial_filters%3Dfalse%26q_datetime_utc%3D2023-02-13T12%3A09%3A59%26pqid%3Dtrue
2023-09-26 06:45:00,2023-09-26 07:50:00,79.51,https://partners.api.skyscanner.net/apiservices/deeplink/v2?_cje=jzj5DawL5zJyT%2BnfeP9GJWfImnVvZd7vh0AJSObmdOp8YP07VbGmhzc%2BVTc80nUp&url=https%3A%2F%2Fwww.skyscanner.net%2Ftransport_deeplink%2F4.0%2FDE%2Fde-DE%2FEUR%2Fpede%2F1%2F14385.10487.2023-09-26%2Fair%2Ftrava%2Fflights%3Fitinerary%3Dflight%7C-32090%7C1972%7C14385%7C2023-09-26T06%3A45%7C10487%7C2023-09-26T07%3A50%7C65%7CKDELGTN9%7CK%7C-%26carriers%3D-32090%26operators%3D-32090%26passengers%3D1%26channel%3Ddataapi%26cabin_class%3Deconomy%26facilitated%3Dfalse%26fps_session_id%3D024d1092-13a9-4e66-939e-f46b434a6543%26ticket_price%3D79.51%26is_npt%3Dfalse%26is_multipart%3Dfalse%26client_id%3Dskyscanner_b2b%26request_id%3D4d1cf745-438b-40ad-9bfc-3c5f5200c05f%26q_ids%3DH4sIAAAAAAAAAOOS4mIpSE1JFWLm2FggxczxPVChYd-JFWxGTAqMAEeWqKIcAAAA%7C967373016077745781%7C2%26q_sources%3DJACQUARD%26commercial_filters%3Dfalse%26q_datetime_utc%3D2023-02-13T12%3A10%3A04%26pqid%3Dfalse
2023-09-28 20:25:00,2023-09-28 21:30:00,92.33,https://partners.api.skyscanner.net/apiservices/deeplink/v2?_cje=jzj5DawL5zJyT%2BnfeP9GJWfImnVvZd7vh0AJSObmdOp8YP07VbGmhzc%2BVTc80nUp&url=https%3A%2F%2Fwww.skyscanner.net%2Ftransport_deeplink%2F4.0%2FDE%2Fde-DE%2FEUR%2Fpede%2F1%2F10487.14385.2023-09-28%2Fair%2Ftrava%2Fflights%3Fitinerary%3Dflight%7C-32090%7C1989%7C10487%7C2023-09-28T20%3A25%7C14385%7C2023-09-28T21%3A30%7C65%7CLDELGTN9%7CL%7C-%26carriers%3D-32090%26operators%3D-32089%26passengers%3D1%26channel%3Ddataapi%26cabin_class%3Deconomy%26facilitated%3Dfalse%26fps_session_id%3D85d31ddf-a9c2-4860-8d32-a05718c0e6dc%26ticket_price%3D92.33%26is_npt%3Dfalse%26is_multipart%3Dfalse%26client_id%3Dskyscanner_b2b%26request_id%3D345dbfd4-9fbb-4bc4-b708-67eeeb8d917d%26q_ids%3DH4sIAAAAAAAAAOOS4mIpSE1JFWLm-B4oxcyxsUChoeXyCjYjJgVGANFrFQgcAAAA%7C1952679338097058782%7C2%26q_sources%3DJACQUARD%26commercial_filters%3Dfalse%26q_datetime_utc%3D2023-02-13T12%3A10%3A14%26pqid%3Dfalse
2023-10-03 06:45:00,2023-10-03 07:50:00,79.51,https://partners.api.skyscanner.net/apiservices/deeplink/v2?_cje=jzj5DawL5zJyT%2BnfeP9GJWfImnVvZd7vh0AJSObmdOp8YP07VbGmhzc%2BVTc80nUp&url=https%3A%2F%2Fwww.skyscanner.net%2Ftransport_deeplink%2F4.0%2FDE%2Fde-DE%2FEUR%2Fpede%2F1%2F14385.10487.2023-10-03%2Fair%2Ftrava%2Fflights%3Fitinerary%3Dflight%7C-32090%7C1972%7C14385%7C2023-10-03T06%3A45%7C10487%7C2023-10-03T07%3A50%7C65%7CKDELGTN9%7CK%7C-%26carriers%3D-32090%26operators%3D-32090%26passengers%3D1%26channel%3Ddataapi%26cabin_class%3Deconomy%26facilitated%3Dfalse%26fps_session_id%3Dedbc2310-a25c-4636-a949-1ba7f090110e%26ticket_price%3D79.51%26is_npt%3Dfalse%26is_multipart%3Dfalse%26client_id%3Dskyscanner_b2b%26request_id%3D973f8494-8159-46bf-b890-2ffbadea8bc2%26q_ids%3DH4sIAAAAAAAAAOOS4mIpSE1JFWLm2FggxczxPVChYfPbFWxGTAqMAK2VKKQcAAAA%7C-105454005244291358%7C2%26q_sources%3DJACQUARD%26commercial_filters%3Dfalse%26q_datetime_utc%3D2023-02-13T12%3A10%3A24%26pqid%3Dfalse
2023-10-05 20:25:00,2023-10-05 21:30:00,84.17,https://partners.api.skyscanner.net/apiservices/deeplink/v2?_cje=jzj5DawL5zJyT%2BnfeP9GJWfImnVvZd7vh0AJSObmdOp8YP07VbGmhzc%2BVTc80nUp&url=https%3A%2F%2Fwww.skyscanner.net%2Ftransport_deeplink%2F4.0%2FDE%2Fde-DE%2FEUR%2Fpede%2F1%2F10487.14385.2023-10-05%2Fair%2Ftrava%2Fflights%3Fitinerary%3Dflight%7C-32090%7C1989%7C10487%7C2023-10-05T20%3A25%7C14385%7C2023-10-05T21%3A30%7C65%7CKDELGTN9%7CK%7C-%26carriers%3D-32090%26operators%3D-32089%26passengers%3D1%26channel%3Ddataapi%26cabin_class%3Deconomy%26facilitated%3Dfalse%26fps_session_id%3D8d211b9b-ef7b-4064-82ab-ff307a4a046a%26ticket_price%3D84.17%26is_npt%3Dfalse%26is_multipart%3Dfalse%26client_id%3Dskyscanner_b2b%26request_id%3D448f59ba-76ca-4853-8b85-3f95f8a37825%26q_ids%3DH4sIAAAAAAAAAOOS4mIpSE1JFWLm-B4oxcyxsUCh4ef3FWxGTAqMAB_ysgQcAAAA%7C-3418820131660099218%7C2%26q_sources%3DJACQUARD%26commercial_filters%3Dfalse%26q_datetime_utc%3D2023-02-13T12%3A10%3A37%26pqid%3Dfalse
2023-10-10 06:45:00,2023-10-10 07:50:00,79.51,https://partners.api.skyscanner.net/apiservices/deeplink/v2?_cje=jzj5DawL5zJyT%2BnfeP9GJWfImnVvZd7vh0AJSObmdOp8YP07VbGmhzc%2BVTc80nUp&url=https%3A%2F%2Fwww.skyscanner.net%2Ftransport_deeplink%2F4.0%2FDE%2Fde-DE%2FEUR%2Fpede%2F1%2F14385.10487.2023-10-10%2Fair%2Ftrava%2Fflights%3Fitinerary%3Dflight%7C-32090%7C1972%7C14385%7C2023-10-10T06%3A45%7C10487%7C2023-10-10T07%3A50%7C65%7CKDELGTN9%7CK%7C-%26carriers%3D-32090%26operators%3D-32090%26passengers%3D1%26channel%3Ddataapi%26cabin_class%3Deconomy%26facilitated%3Dfalse%26fps_session_id%3Da1226b19-b234-4a19-8895-9c58b2c3de5a%26ticket_price%3D79.51%26is_npt%3Dfalse%26is_multipart%3Dfalse%26client_id%3Dskyscanner_b2b%26request_id%3D9446a01c-a06f-4daf-bad4-fabd947abe2c%26q_ids%3DH4sIAAAAAAAAAOOS4mIpSE1JFWLm2FggxczxPVChYcWklWxGTAqMALfLhVQcAAAA%7C-6988177803232077654%7C2%26q_sources%3DJACQUARD%26commercial_filters%3Dfalse%26q_datetime_utc%3D2023-02-13T12%3A10%3A46%26pqid%3Dfalse
2023-10-12 20:25:00,2023-10-12 21:30:00,84.17,https://partners.api.skyscanner.net/apiservices/deeplink/v2?_cje=jzj5DawL5zJyT%2BnfeP9GJWfImnVvZd7vh0AJSObmdOp8YP07VbGmhzc%2BVTc80nUp&url=https%3A%2F%2Fwww.skyscanner.net%2Ftransport_deeplink%2F4.0%2FDE%2Fde-DE%2FEUR%2Fpede%2F1%2F10487.14385.2023-10-12%2Fair%2Ftrava%2Fflights%3Fitinerary%3Dflight%7C-32090%7C1989%7C10487%7C2023-10-12T20%3A25%7C14385%7C2023-10-12T21%3A30%7C65%7CKDELGTN9%7CK%7C-%26carriers%3D-32090%26operators%3D-32089%26passengers%3D1%26channel%3Ddataapi%26cabin_class%3Deconomy%26facilitated%3Dfalse%26fps_session_id%3Dc3e66137-e282-4fad-9192-554bce3f10cb%26ticket_price%3D84.17%26is_npt%3Dfalse%26is_multipart%3Dfalse%26client_id%3Dskyscanner_b2b%26request_id%3D07e3b61f-5fbf-406b-a022-48e8900ed885%26q_ids%3DH4sIAAAAAAAAAOOS4mIpSE1JFWLm-B4oxcyxsUCh4d2clWxGTAqMAJcBITAcAAAA%7C-1080385146230324861%7C2%26q_sources%3DJACQUARD%26commercial_filters%3Dfalse%26q_datetime_utc%3D2023-02-13T12%3A10%3A55%26pqid%3Dfalse
2023-10-17 06:45:00,2023-10-17 07:50:00,79.51,https://partners.api.skyscanner.net/apiservices/deeplink/v2?_cje=jzj5DawL5zJyT%2BnfeP9GJWfImnVvZd7vh0AJSObmdOp8YP07VbGmhzc%2BVTc80nUp&url=https%3A%2F%2Fwww.skyscanner.net%2Ftransport_deeplink%2F4.0%2FDE%2Fde-DE%2FEUR%2Fpede%2F1%2F14385.10487.2023-10-17%2Fair%2Ftrava%2Fflights%3Fitinerary%3Dflight%7C-32090%7C1972%7C14385%7C2023-10-17T06%3A45%7C10487%7C2023-10-17T07%3A50%7C65%7CKDELGTN9%7CK%7C-%26carriers%3D-32090%26operators%3D-32090%26passengers%3D1%26channel%3Ddataapi%26cabin_class%3Deconomy%26facilitated%3Dfalse%26fps_session_id%3De719f936-0056-4d8f-8248-73cfd61c7962%26ticket_price%3D79.51%26is_npt%3Dfalse%26is_multipart%3Dfalse%26client_id%3Dskyscanner_b2b%26request_id%3D98ffa732-5731-4910-8537-f3cccbf2f277%26q_ids%3DH4sIAAAAAAAAAOOS4mIpSE1JFWLm2FggxczxPVChYe72lWxGTAqMAJWALQQcAAAA%7C9216104036466080579%7C2%26q_sources%3DJACQUARD%26commercial_filters%3Dfalse%26q_datetime_utc%3D2023-02-13T12%3A11%3A04%26pqid%3Dfalse
2023-10-19 20:25:00,2023-10-19 21:30:00,84.17,https://partners.api.skyscanner.net/apiservices/deeplink/v2?_cje=jzj5DawL5zJyT%2BnfeP9GJWfImnVvZd7vh0AJSObmdOp8YP07VbGmhzc%2BVTc80nUp&url=https%3A%2F%2Fwww.skyscanner.net%2Ftransport_deeplink%2F4.0%2FDE%2Fde-DE%2FEUR%2Fpede%2F1%2F10487.14385.2023-10-19%2Fair%2Ftrava%2Fflights%3Fitinerary%3Dflight%7C-32090%7C1989%7C10487%7C2023-10-19T20%3A25%7C14385%7C2023-10-19T21%3A30%7C65%7CKDELGTN9%7CK%7C-%26carriers%3D-32090%26operators%3D-32089%26passengers%3D1%26channel%3Ddataapi%26cabin_class%3Deconomy%26facilitated%3Dfalse%26fps_session_id%3Db10d9cf4-f08e-4a43-b9ca-d431b06bd848%26ticket_price%3D84.17%26is_npt%3Dfalse%26is_multipart%3Dfalse%26client_id%3Dskyscanner_b2b%26request_id%3Dca834541-339b-4249-ad50-cbff169257ef%26q_ids%3DH4sIAAAAAAAAAOOS4mIpSE1JFWLm-B4oxcyxsUCh4fHBlWxGTAqMADGcJukcAAAA%7C-1053424989723388738%7C2%26q_sources%3DJACQUARD%26commercial_filters%3Dfalse%26q_datetime_utc%3D2023-02-13T12%3A11%3A13%26pqid%3Dfalse
2023-10-24 06:45:00,2023-10-24 07:50:00,79.51,https://partners.api.skyscanner.net/apiservices/deeplink/v2?_cje=jzj5DawL5zJyT%2BnfeP9GJWfImnVvZd7vh0AJSObmdOp8YP07VbGmhzc%2BVTc80nUp&url=https%3A%2F%2Fwww.skyscanner.net%2Ftransport_deeplink%2F4.0%2FDE%2Fde-DE%2FEUR%2Fpede%2F1%2F14385.10487.2023-10-24%2Fair%2Ftrava%2Fflights%3Fitinerary%3Dflight%7C-32090%7C1972%7C14385%7C2023-10-24T06%3A45%7C10487%7C2023-10-24T07%3A50%7C65%7CKDELGTN9%7CK%7C-%26carriers%3D-32090%26operators%3D-32090%26passengers%3D1%26channel%3Ddataapi%26cabin_class%3Deconomy%26facilitated%3Dfalse%26fps_session_id%3D1b4aeb02-c505-4eb9-b4d2-1352e6bc6ac7%26ticket_price%3D79.51%26is_npt%3Dfalse%26is_multipart%3Dfalse%26client_id%3Dskyscanner_b2b%26request_id%3Ded2b5bdb-cacb-4f44-bab0-0690b42a7611%26q_ids%3DH4sIAAAAAAAAAOOS4mIpSE1JFWLm2FggxczxPVChYdKdlWxGTAqMACaKvFQcAAAA%7C-1624420237190896955%7C2%26q_sources%3DJACQUARD%26commercial_filters%3Dfalse%26q_datetime_utc%3D2023-02-13T12%3A11%3A22%26pqid%3Dfalse
2023-10-26 20:25:00,2023-10-26 21:30:00,84.17,https://partners.api.skyscanner.net/apiservices/deeplink/v2?_cje=jzj5DawL5zJyT%2BnfeP9GJWfImnVvZd7vh0AJSObmdOp8YP07VbGmhzc%2BVTc80nUp&url=https%3A%2F%2Fwww.skyscanner.net%2Ftransport_deeplink%2F4.0%2FDE%2Fde-DE%2FEUR%2Fpede%2F1%2F10487.14385.2023-10-26%2Fair%2Ftrava%2Fflights%3Fitinerary%3Dflight%7C-32090%7C1989%7C10487%7C2023-10-26T20%3A25%7C14385%7C2023-10-26T21%3A30%7C65%7CKDELGTN9%7CK%7C-%26carriers%3D-32090%26operators%3D-32089%26passengers%3D1%26channel%3Ddataapi%26cabin_class%3Deconomy%26facilitated%3Dfalse%26fps_session_id%3Dae3d166f-1793-48ed-abca-67d589f29e91%26ticket_price%3D84.17%26is_npt%3Dfalse%26is_multipart%3Dfalse%26client_id%3Dskyscanner_b2b%26request_id%3D6d1dbe09-f6c7-4518-b21f-92517e533335%26q_ids%3DH4sIAAAAAAAAAOOS4mIpSE1JFWLm-B4oxcyxsUCh4cazlWxGTAqMAAjUmzscAAAA%7C3696517371632605118%7C2%26q_sources%3DJACQUARD%26commercial_filters%3Dfalse%26q_datetime_utc%3D2023-02-13T12%3A11%3A31%26pqid%3Dfalse
2023-10-31 07:20:00,2023-10-31 08:25:00,78.98,https://partners.api.skyscanner.net/apiservices/deeplink/v2?_cje=jzj5DawL5zJyT%2BnfeP9GJWfImnVvZd7vh0AJSObmdOp8YP07VbGmhzc%2BVTc80nUp&url=https%3A%2F%2Fwww.skyscanner.net%2Ftransport_deeplink%2F4.0%2FDE%2Fde-DE%2FEUR%2Fargm%2F1%2F14385.10487.2023-10-31%2Fair%2Ftrava%2Fflights%3Fitinerary%3Dflight%7C-32090%7C1972%7C14385%7C2023-10-31T07%3A20%7C10487%7C2023-10-31T08%3A25%7C65%7C-%7C-%7C-%26carriers%3D-32090%26operators%3D-32090%26passengers%3D1%26channel%3Ddataapi%26cabin_class%3Deconomy%26facilitated%3Dfalse%26fps_session_id%3Ddb539c02-89c2-4665-8c0d-5e728d1e8672%26ticket_price%3D78.98%26is_npt%3Dfalse%26is_multipart%3Dfalse%26client_id%3Dskyscanner_b2b%26request_id%3Db3a5a3c5-dda9-4d91-b399-076d9b7e429d%26q_ids%3DH4sIAAAAAAAAAOOS4mJJLErPFWLm2FggxczxPVChob1xFZsRkwIjAH7vfjEcAAAA%7C-5683278407964010508%7C2%26q_sources%3DJACQUARD%26commercial_filters%3Dfalse%26q_datetime_utc%3D2023-02-13T12%3A11%3A40%26pqid%3Dtrue
2023-11-02 21:20:00,2023-11-02 22:25:00,76.98,https://partners.api.skyscanner.net/apiservices/deeplink/v2?_cje=jzj5DawL5zJyT%2BnfeP9GJWfImnVvZd7vh0AJSObmdOp8YP07VbGmhzc%2BVTc80nUp&url=https%3A%2F%2Fwww.skyscanner.net%2Ftransport_deeplink%2F4.0%2FDE%2Fde-DE%2FEUR%2Ftsde%2F1%2F10487.14385.2023-11-02%2Fair%2Ftrava%2Fflights%3Fitinerary%3Dflight%7C-32090%7C1991%7C10487%7C2023-11-02T21%3A20%7C14385%7C2023-11-02T22%3A25%7C65%7C-%7C-%7C-%26carriers%3D-32090%26operators%3D-32090%26passengers%3D1%26channel%3Ddataapi%26cabin_class%3Deconomy%26facilitated%3Dfalse%26fps_session_id%3Dde72bd38-b300-4965-97f8-9dc121c6143c%26ticket_price%3D76.98%26is_npt%3Dfalse%26is_multipart%3Dfalse%26client_id%3Dskyscanner_b2b%26request_id%3De06589cc-124d-404c-a19c-fe4a0eda9498%26q_ids%3DH4sIAAAAAAAAAOOS4mIpKU5JFWLm-B4oxcyxsUCh4Wz3KjYjJgVGAKXei-YcAAAA%7C7208412675505380568%7C2%26q_sources%3DJACQUARD%26commercial_filters%3Dfalse%26q_datetime_utc%3D2023-02-13T12%3A11%3A48%26pqid%3Dtrue
2023-11-07 07:20:00,2023-11-07 08:25:00,78.98,https://partners.api.skyscanner.net/apiservices/deeplink/v2?_cje=jzj5DawL5zJyT%2BnfeP9GJWfImnVvZd7vh0AJSObmdOp8YP07VbGmhzc%2BVTc80nUp&url=https%3A%2F%2Fwww.skyscanner.net%2Ftransport_deeplink%2F4.0%2FDE%2Fde-DE%2FEUR%2Fargm%2F1%2F14385.10487.2023-11-07%2Fair%2Ftrava%2Fflights%3Fitinerary%3Dflight%7C-32090%7C1972%7C14385%7C2023-11-07T07%3A20%7C10487%7C2023-11-07T08%3A25%7C65%7C-%7C-%7C-%26carriers%3D-32090%26operators%3D-32090%26passengers%3D1%26channel%3Ddataapi%26cabin_class%3Deconomy%26facilitated%3Dfalse%26fps_session_id%3Dd4fc5fb5-c81b-4319-8252-b3d46666429f%26ticket_price%3D78.98%26is_npt%3Dfalse%26is_multipart%3Dfalse%26client_id%3Dskyscanner_b2b%26request_id%3Df074594e-17e3-435e-801c-2cd39c54cc3d%26q_ids%3DH4sIAAAAAAAAAOOS4mJJLErPFWLm2FggxczxPVCh4c_SVWxGTAqMADd_tvscAAAA%7C4238174557919667302%7C2%26q_sources%3DJACQUARD%26commercial_filters%3Dfalse%26q_datetime_utc%3D2023-02-13T12%3A11%3A57%26pqid%3Dtrue
2023-11-09 21:20:00,2023-11-09 22:25:00,84.17,https://partners.api.skyscanner.net/apiservices/deeplink/v2?_cje=jzj5DawL5zJyT%2BnfeP9GJWfImnVvZd7vh0AJSObmdOp8YP07VbGmhzc%2BVTc80nUp&url=https%3A%2F%2Fwww.skyscanner.net%2Ftransport_deeplink%2F4.0%2FDE%2Fde-DE%2FEUR%2Fpede%2F1%2F10487.14385.2023-11-09%2Fair%2Ftrava%2Fflights%3Fitinerary%3Dflight%7C-32090%7C1991%7C10487%7C2023-11-09T21%3A20%7C14385%7C2023-11-09T22%3A25%7C65%7CKDELGTN9%7CK%7C-%26carriers%3D-32090%26operators%3D-32090%26passengers%3D1%26channel%3Ddataapi%26cabin_class%3Deconomy%26facilitated%3Dfalse%26fps_session_id%3D26e1ed67-97ea-4604-a0c7-d513cf34c183%26ticket_price%3D84.17%26is_npt%3Dfalse%26is_multipart%3Dfalse%26client_id%3Dskyscanner_b2b%26request_id%3Df446d45a-2c3a-456c-97f0-a60b3df48489%26q_ids%3DH4sIAAAAAAAAAOOS4mIpSE1JFWLm-B4oxcyxsUCh4dCGVWxGTAqMAMhXcRAcAAAA%7C-3449644891367802204%7C2%26q_sources%3DJACQUARD%26commercial_filters%3Dfalse%26q_datetime_utc%3D2023-02-13T12%3A12%3A07%26pqid%3Dfalse
2023-11-14 07:20:00,2023-11-14 08:25:00,78.98,https://partners.api.skyscanner.net/apiservices/deeplink/v2?_cje=jzj5DawL5zJyT%2BnfeP9GJWfImnVvZd7vh0AJSObmdOp8YP07VbGmhzc%2BVTc80nUp&url=https%3A%2F%2Fwww.skyscanner.net%2Ftransport_deeplink%2F4.0%2FDE%2Fde-DE%2FEUR%2Fargm%2F1%2F14385.10487.2023-11-14%2Fair%2Ftrava%2Fflights%3Fitinerary%3Dflight%7C-32090%7C1972%7C14385%7C2023-11-14T07%3A20%7C10487%7C2023-11-14T08%3A25%7C65%7C-%7C-%7C-%26carriers%3D-32090%26operators%3D-32090%26passengers%3D1%26channel%3Ddataapi%26cabin_class%3Deconomy%26facilitated%3Dfalse%26fps_session_id%3Deca90e30-8741-44e6-aa89-1c8740d0f34d%26ticket_price%3D78.98%26is_npt%3Dfalse%26is_multipart%3Dfalse%26client_id%3Dskyscanner_b2b%26request_id%3D53db3bd5-54a3-4a6f-b16a-a6c174d4d0c1%26q_ids%3DH4sIAAAAAAAAAOOS4mJJLErPFWLm2FggxczxPVCh4eOpVWxGTAqMAOpWTR0cAAAA%7C-7594451224116872176%7C2%26q_sources%3DJACQUARD%26commercial_filters%3Dfalse%26q_datetime_utc%3D2023-02-13T12%3A12%3A15%26pqid%3Dtrue
2023-11-16 21:20:00,2023-11-16 22:25:00,84.17,https://partners.api.skyscanner.net/apiservices/deeplink/v2?_cje=jzj5DawL5zJyT%2BnfeP9GJWfImnVvZd7vh0AJSObmdOp8YP07VbGmhzc%2BVTc80nUp&url=https%3A%2F%2Fwww.skyscanner.net%2Ftransport_deeplink%2F4.0%2FDE%2Fde-DE%2FEUR%2Fpede%2F1%2F10487.14385.2023-11-16%2Fair%2Ftrava%2Fflights%3Fitinerary%3Dflight%7C-32090%7C1991%7C10487%7C2023-11-16T21%3A20%7C14385%7C2023-11-16T22%3A25%7C65%7CKDELGTN9%7CK%7C-%26carriers%3D-32090%26operators%3D-32090%26passengers%3D1%26channel%3Ddataapi%26cabin_class%3Deconomy%26facilitated%3Dfalse%26fps_session_id%3D7648216d-5ef7-45ab-a33e-3a73e51fbb36%26ticket_price%3D84.17%26is_npt%3Dfalse%26is_multipart%3Dfalse%26client_id%3Dskyscanner_b2b%26request_id%3Ddea9e25e-0e6b-450d-bd48-d412ccea556d%26q_ids%3DH4sIAAAAAAAAAOOS4mIpSE1JFWLm-B4oxcyxsUChYfvVVWxGTAqMAH6rTy0cAAAA%7C-4029563336176159470%7C2%26q_sources%3DJACQUARD%26commercial_filters%3Dfalse%26q_datetime_utc%3D2023-02-13T12%3A12%3A24%26pqid%3Dfalse
2023-11-21 07:20:00,2023-11-21 08:25:00,78.98,https://partners.api.skyscanner.net/apiservices/deeplink/v2?_cje=jzj5DawL5zJyT%2BnfeP9GJWfImnVvZd7vh0AJSObmdOp8YP07VbGmhzc%2BVTc80nUp&url=https%3A%2F%2Fwww.skyscanner.net%2Ftransport_deeplink%2F4.0%2FDE%2Fde-DE%2FEUR%2Fargm%2F1%2F14385.10487.2023-11-21%2Fair%2Ftrava%2Fflights%3Fitinerary%3Dflight%7C-32090%7C1972%7C14385%7C2023-11-21T07%3A20%7C10487%7C2023-11-21T08%3A25%7C65%7C-%7C-%7C-%26carriers%3D-32090%26operators%3D-32090%26passengers%3D1%26channel%3Ddataapi%26cabin_class%3Deconomy%26facilitated%3Dfalse%26fps_session_id%3Df24077f3-86c5-4e4a-aa6b-a5250b762291%26ticket_price%3D78.98%26is_npt%3Dfalse%26is_multipart%3Dfalse%26client_id%3Dskyscanner_b2b%26request_id%3D259adfa6-86be-4931-91c7-51b69d8698a1%26q_ids%3DH4sIAAAAAAAAAOOS4mJJLErPFWLm2FggxczxPVCh4dn7VWxGTAqMAON4tvYcAAAA%7C6364582431503724175%7C2%26q_sources%3DJACQUARD%26commercial_filters%3Dfalse%26q_datetime_utc%3D2023-02-13T12%3A12%3A31%26pqid%3Dtrue
2023-11-23 21:20:00,2023-11-23 22:25:00,83.99,https://partners.api.skyscanner.net/apiservices/deeplink/v2?_cje=jzj5DawL5zJyT%2BnfeP9GJWfImnVvZd7vh0AJSObmdOp8YP07VbGmhzc%2BVTc80nUp&url=https%3A%2F%2Fwww.skyscanner.net%2Ftransport_deeplink%2F4.0%2FDE%2Fde-DE%2FEUR%2Fargm%2F1%2F10487.14385.2023-11-23%2Fair%2Ftrava%2Fflights%3Fitinerary%3Dflight%7C-32090%7C1991%7C10487%7C2023-11-23T21%3A20%7C14385%7C2023-11-23T22%3A25%7C65%7C-%7C-%7C-%26carriers%3D-32090%26operators%3D-32090%26passengers%3D1%26channel%3Ddataapi%26cabin_class%3Deconomy%26facilitated%3Dfalse%26fps_session_id%3D48ca444b-3e71-4f62-a1e2-574518f6324e%26ticket_price%3D83.99%26is_npt%3Dfalse%26is_multipart%3Dfalse%26client_id%3Dskyscanner_b2b%26request_id%3Ddcafc482-f470-4357-85ea-6c7b099e0444%26q_ids%3DH4sIAAAAAAAAAOOS4mJJLErPFWLm-B4oxcyxsUChYc2vVWxGTAqMALhvZKAcAAAA%7C-5209424454424564027%7C2%26q_sources%3DJACQUARD%26commercial_filters%3Dfalse%26q_datetime_utc%3D2023-02-13T12%3A12%3A37%26pqid%3Dtrue
2023-11-28 07:20:00,2023-11-28 08:25:00,78.98,https://partners.api.skyscanner.net/apiservices/deeplink/v2?_cje=jzj5DawL5zJyT%2BnfeP9GJWfImnVvZd7vh0AJSObmdOp8YP07VbGmhzc%2BVTc80nUp&url=https%3A%2F%2Fwww.skyscanner.net%2Ftransport_deeplink%2F4.0%2FDE%2Fde-DE%2FEUR%2Fargm%2F1%2F14385.10487.2023-11-28%2Fair%2Ftrava%2Fflights%3Fitinerary%3Dflight%7C-32090%7C1972%7C14385%7C2023-11-28T07%3A20%7C10487%7C2023-11-28T08%3A25%7C65%7C-%7C-%7C-%26carriers%3D-32090%26operators%3D-32090%26passengers%3D1%26channel%3Ddataapi%26cabin_class%3Deconomy%26facilitated%3Dfalse%26fps_session_id%3D9697eadb-603b-4c0f-8e01-8c44edf13bef%26ticket_price%3D78.98%26is_npt%3Dfalse%26is_multipart%3Dfalse%26client_id%3Dskyscanner_b2b%26request_id%3D647a4c9e-9145-4c6b-9ca2-a83cfa39b628%26q_ids%3DH4sIAAAAAAAAAOOS4mJJLErPFWLm2FggxczxPVCh4faU1WxGTAqMADtpTc0cAAAA%7C-5857434718485842033%7C2%26q_sources%3DJACQUARD%26commercial_filters%3Dfalse%26q_datetime_utc%3D2023-02-13T12%3A12%3A46%26pqid%3Dtrue
2023-11-30 21:20:00,2023-11-30 22:25:00,84.17,https://partners.api.skyscanner.net/apiservices/deeplink/v2?_cje=jzj5DawL5zJyT%2BnfeP9GJWfImnVvZd7vh0AJSObmdOp8YP07VbGmhzc%2BVTc80nUp&url=https%3A%2F%2Fwww.skyscanner.net%2Ftransport_deeplink%2F4.0%2FDE%2Fde-DE%2FEUR%2Fpede%2F1%2F10487.14385.2023-11-30%2Fair%2Ftrava%2Fflights%3Fitinerary%3Dflight%7C-32090%7C1991%7C10487%7C2023-11-30T21%3A20%7C14385%7C2023-11-30T22%3A25%7C65%7CKDELGTN9%7CK%7C-%26carriers%3D-32090%26operators%3D-32090%26passengers%3D1%26channel%3Ddataapi%26cabin_class%3Deconomy%26facilitated%3Dfalse%26fps_session_id%3D3d8f8274-c368-42b0-aeff-6e4ebaf4c2c7%26ticket_price%3D84.17%26is_npt%3Dfalse%26is_multipart%3Dfalse%26client_id%3Dskyscanner_b2b%26request_id%3D0a9a1db7-da22-4db3-bda0-831300504c93%26q_ids%3DH4sIAAAAAAAAAOOS4mIpSE1JFWLm-B4oxcyxsUChYeH81WxGTAqMAEBqvLwcAAAA%7C-330274588361710943%7C2%26q_sources%3DJACQUARD%26commercial_filters%3Dfalse%26q_datetime_utc%3D2023-02-13T12%3A12%3A55%26pqid%3Dfalse
